Day,alpha_p,alpha_n
2018-07-25,0.9,0.9
2018-07-26,0.9045524799775188,0.8954475200224813
2018-07-27,0.9084305184768864,0.8915694815231137
2018-07-28,0.9133202191934805,0.8866797808065195
2018-07-29,0.9180413095405369,0.8819586904594632
2018-07-30,0.921582127300829,0.878417872699171
2018-07-31,0.9244485035829705,0.8755514964170296
2018-08-01,0.9263032176478855,0.8736967823521146
2018-08-02,0.9279893213432628,0.8720106786567372
2018-08-03,0.9232682309962064,0.8767317690037937
2018-08-04,0.9205704650836027,0.8794295349163973
2018-08-05,0.9151749332583954,0.8848250667416047
2018-08-06,0.9102852325418014,0.8897147674581987
2018-08-07,0.9042152592384433,0.8957847407615568
2018-08-08,0.898145285935085,0.901854714064915
2018-08-09,0.8919067022621893,0.9080932977378108
2018-08-10,0.8866797808065197,0.9133202191934804
2018-08-11,0.8804411971336238,0.9195588028663763
2018-08-12,0.8740340030911902,0.9259659969088099
2018-08-13,0.8669523675706056,0.9330476324293945
2018-08-14,0.8583532387241816,0.9416467612758185
2018-08-15,0.851946044681748,0.9480539553182521
2018-08-16,0.8450330195307012,0.9549669804692988
2018-08-17,0.8393002669664186,0.9606997330335815
2018-08-18,0.8327244625544472,0.9672755374455528
2018-08-19,0.830363917380919,0.9696360826190811
2018-08-20,0.82732893072924,0.9726710692707601
2018-08-21,0.8237881129689476,0.9762118870310524
2018-08-22,0.8205845159477309,0.9794154840522692
2018-08-23,0.8168750878179009,0.9831249121820992
2018-08-24,0.8146831530139104,0.9853168469860897
2018-08-25,0.813165659688071,0.9868343403119291
2018-08-26,0.8101306730363917,0.9898693269636083
2018-08-27,0.8079387382324015,0.9920612617675986
2018-08-28,0.8057468034284109,0.9942531965715892
2018-08-29,0.802037375298581,0.997962624701419
2018-08-30,0.8006884923422791,0.9993115076577209
2018-08-31,0.7991709990164395,1.0008290009835605
2018-09-01,0.7981593367992132,1.0018406632007868
2018-09-02,0.7969790642124491,1.0030209357875508
2018-09-03,0.7963046227342983,1.0036953772657018
2018-09-04,0.7974848953210624,1.0025151046789378
2018-09-05,0.7966418434733737,1.0033581565266263
2018-09-06,0.7963046227342983,1.0036953772657018
2018-09-07,0.7927638049740059,1.007236195025994
2018-09-08,0.7915835323872419,1.008416467612758
2018-09-09,0.7897288183223269,1.010271181677673
2018-09-10,0.7877054938878743,1.0122945061121258
2018-09-11,0.7839960657580443,1.0160039342419558
2018-09-12,0.7794435857805256,1.0205564142194743
2018-09-13,0.7784319235632993,1.0215680764367008
2018-09-14,0.7752283265420824,1.0247716734579178
2018-09-15,0.7728677813685543,1.0271322186314458
2018-09-16,0.7708444569341015,1.0291555430658985
2018-09-17,0.7684839117605734,1.0315160882394268
2018-09-18,0.7679780806519602,1.0320219193480398
2018-09-19,0.7694955739777998,1.0305044260222003
2018-09-20,0.7703386258254883,1.0296613741745118
2018-09-21,0.772361950259941,1.027638049740059
2018-09-22,0.77539693691162,1.02460306308838
2018-09-23,0.7774202613460728,1.0225797386539273
2018-09-24,0.780961079106365,1.019038920893635
2018-09-25,0.7833216242798933,1.0166783757201068
2018-09-26,0.7850077279752704,1.0149922720247295
2018-09-27,0.7866938316706478,1.0133061683293523
2018-09-28,0.7880427146269496,1.0119572853730505
2018-09-29,0.7880427146269496,1.0119572853730505
2018-09-30,0.789054376844176,1.010945623155824
2018-10-01,0.792089363495855,1.007910636504145
2018-10-02,0.7951243501475341,1.004875649852466
2018-10-03,0.7984965575382886,1.0015034424617113
2018-10-04,0.7998454404945905,1.0001545595054095
2018-10-05,0.8030490375158073,0.9969509624841928
2018-10-06,0.8054095826893355,0.9945904173106646
2018-10-07,0.8076015174933259,0.9923984825066742
2018-10-08,0.8082759589714767,0.9917240410285233
2018-10-09,0.8089504004496277,0.9910495995503723
2018-10-10,0.8091190108191654,0.9908809891808347
2018-10-11,0.8070956863847127,0.9929043136152873
2018-10-12,0.8037234789939582,0.9962765210060418
2018-10-13,0.8000140508641282,0.9999859491358718
2018-10-14,0.7973162849515246,1.0026837150484755
2018-10-15,0.7949557397779964,1.0050442602220038
2018-10-16,0.7925951946044683,1.0074048053955318
2018-10-17,0.7898974286918646,1.0101025713081353
2018-10-18,0.7880427146269496,1.0119572853730505
2018-10-19,0.787199662779261,1.012800337220739
2018-10-20,0.7851763383448083,1.0148236616551918
2018-10-21,0.7838274553885065,1.0161725446114935
2018-10-22,0.783490234649431,1.016509765350569
2018-10-23,0.7821413516931293,1.0178586483068708
2018-10-24,0.7799494168891388,1.0200505831108613
2018-10-25,0.7775888717156106,1.0224111282843895
2018-10-26,0.77539693691162,1.02460306308838
2018-10-27,0.7735422228467052,1.026457777153295
2018-10-28,0.7715188984122524,1.0284811015877475
2018-10-29,0.7700014050864129,1.029998594913587
2018-10-30,0.7674722495433469,1.032527750456653
2018-10-31,0.7654489251088942,1.0345510748911058
2018-11-01,0.7620767177181397,1.0379232822818603
2018-11-02,0.7590417310664606,1.0409582689335395
2018-11-03,0.7561753547843193,1.0438246452156807
2018-11-04,0.7551636925670929,1.0448363074329072
2018-11-05,0.7531403681326403,1.0468596318673598
2018-11-06,0.7511170436981875,1.0488829563018125
2018-11-07,0.7502739918504988,1.0497260081495012
2018-11-08,0.750779822959112,1.049220177040888
2018-11-09,0.7521287059154139,1.0478712940845862
2018-11-10,0.7543206407194043,1.0456793592805957
2018-11-11,0.7573556273710834,1.0426443726289167
2018-11-12,0.7608964451313756,1.0391035548686245
2018-11-13,0.7664605873261208,1.0335394126738793
2018-11-14,0.7705072361950261,1.029492763804974
2018-11-15,0.7710130673036393,1.0289869326963608
2018-11-16,0.7710130673036393,1.0289869326963608
2018-11-17,0.771856119151328,1.028143880848672
2018-11-18,0.7726991709990165,1.0273008290009835
2018-11-19,0.7743852746943938,1.0256147253056063
2018-11-20,0.774891105803007,1.025108894196993
2018-11-21,0.7738794435857806,1.0261205564142195
2018-11-22,0.7735422228467052,1.0264577771532948
2018-11-23,0.7725305606294788,1.0274694393705213
2018-11-24,0.7715188984122525,1.0284811015877475
2018-11-25,0.7698327947168753,1.0301672052831248
2018-11-26,0.7686525221301111,1.031347477869889
2018-11-27,0.7659547562175075,1.0340452437824925
2018-11-28,0.7639314317830548,1.0360685682169453
2018-11-29,0.763762821413517,1.036237178586483
2018-11-30,0.7634256006744415,1.0365743993255585
2018-12-01,0.7625825488267529,1.0374174511732472
2018-12-02,0.761908107348602,1.038091892651398
2018-12-03,0.7610650555009133,1.0389349444990867
2018-12-04,0.7598847829141493,1.0401152170858508
2018-12-05,0.760053393283687,1.039946606716313
2018-12-06,0.7590417310664606,1.0409582689335395
2018-12-07,0.7576928481101589,1.0423071518898412
2018-12-08,0.7558381340452438,1.0441618659547562
2018-12-09,0.7553323029366307,1.0446676970633693
2018-12-10,0.7549950821975552,1.0450049178024448
2018-12-11,0.754489251088942,1.045510748911058
2018-12-12,0.7536461992412533,1.0463538007587467
2018-12-13,0.7516228748068007,1.0483771251931993
2018-12-14,0.7504426022200366,1.0495573977799635
2018-12-15,0.7499367711114234,1.0500632288885767
2018-12-16,0.7492623296332724,1.0507376703667275
2018-12-17,0.7490937192637347,1.0509062807362652
2018-12-18,0.750779822959112,1.049220177040888
2018-12-19,0.7517914851763383,1.0482085148236617
2018-12-20,0.7533089785021778,1.0466910214978222
2018-12-21,0.7568497962624702,1.0431502037375298
2018-12-22,0.7581986792187719,1.041801320781228
2018-12-23,0.7595475621750738,1.0404524378249262
2018-12-24,0.7597161725446115,1.0402838274553885
2018-12-25,0.7605592243923002,1.0394407756076998
2018-12-26,0.7607278347618379,1.0392721652381622
2018-12-27,0.7620767177181397,1.0379232822818603
2018-12-28,0.7615708866095265,1.0384291133904735
2018-12-29,0.7615708866095265,1.0384291133904735
2018-12-30,0.7602220036532247,1.0397779963467753
2018-12-31,0.7587045103273853,1.0412954896726148
2019-01-01,0.756343965153857,1.043656034846143
2019-01-02,0.7541520303498666,1.0458479696501335
2019-01-03,0.7534775888717158,1.0465224111282843
2019-01-04,0.7553323029366307,1.0446676970633693
2019-01-05,0.7543206407194043,1.0456793592805957
2019-01-06,0.7524659266544893,1.0475340733455107
2019-01-07,0.7528031473935648,1.0471968526064352
2019-01-08,0.7536461992412533,1.0463538007587467
2019-01-09,0.7548264718280174,1.0451735281719827
2019-01-10,0.7555009133061683,1.0444990866938317
2019-01-11,0.752634537024027,1.047365462975973
2019-01-12,0.7514542644372629,1.048545735562737
2019-01-13,0.7487564985246593,1.0512435014753407
2019-01-14,0.7457215118729803,1.0542784881270197
2019-01-15,0.7453842911339048,1.0546157088660952
2019-01-16,0.7450470703948293,1.0549529296051707
2019-01-17,0.7445412392862162,1.055458760713784
2019-01-18,0.7447098496557539,1.0552901503442462
2019-01-19,0.7467331740902066,1.0532668259097935
2019-01-20,0.7504426022200366,1.0495573977799635
2019-01-21,0.7529717577631024,1.0470282422368975
2019-01-22,0.754489251088942,1.045510748911058
2019-01-23,0.7566811858929324,1.0433188141070677
2019-01-24,0.7588731206969229,1.041126879303077
2019-01-25,0.7608964451313756,1.0391035548686245
2019-01-26,0.7634256006744415,1.0365743993255585
2019-01-27,0.7659547562175074,1.0340452437824927
2019-01-28,0.7683153013910355,1.0316846986089645
2019-01-29,0.7683153013910355,1.0316846986089645
2019-01-30,0.7674722495433469,1.0325277504566532
2019-01-31,0.7662919769565829,1.0337080230434172
2019-02-01,0.7662919769565829,1.0337080230434172
2019-02-02,0.7657861458479697,1.0342138541520303
2019-02-03,0.7641000421525924,1.0358999578474077
2019-02-04,0.763088379935366,1.036911620064634
2019-02-05,0.7607278347618378,1.0392721652381622
2019-02-06,0.7573556273710833,1.0426443726289167
2019-02-07,0.7551636925670928,1.0448363074329072
2019-02-08,0.7560067444147814,1.0439932555852185
2019-02-09,0.7581986792187719,1.0418013207812282
2019-02-10,0.7588731206969229,1.0411268793030772
2019-02-11,0.7605592243923001,1.0394407756077
2019-02-12,0.760053393283687,1.039946606716313
2019-02-13,0.7610650555009133,1.0389349444990867
2019-02-14,0.7620767177181396,1.0379232822818605
2019-02-15,0.7612336658704509,1.0387663341295492
2019-02-16,0.7598847829141493,1.0401152170858508
2019-02-17,0.7583672895883097,1.0416327104116905
2019-02-18,0.7602220036532246,1.0397779963467755
2019-02-19,0.7620767177181396,1.0379232822818605
2019-02-20,0.7632569903049037,1.0367430096950963
2019-02-21,0.7637628214135169,1.0362371785864832
2019-02-22,0.7657861458479697,1.0342138541520303
2019-02-23,0.7716875087817902,1.02831249121821
2019-02-24,0.7794435857805255,1.0205564142194745
2019-02-25,0.7833216242798932,1.0166783757201068
2019-02-26,0.7856821694534214,1.0143178305465785
2019-02-27,0.7875368835183364,1.0124631164816638
2019-02-28,0.7905718701700155,1.0094281298299845
2019-03-01,0.795124350147534,1.004875649852466
2019-03-02,0.7996768301250528,1.0003231698749473
2019-03-03,0.8050723619502599,0.9949276380497402
2019-03-04,0.8086131797105522,0.9913868202894478
2019-03-05,0.8129970493185331,0.9870029506814669
2019-03-06,0.8172123085569762,0.9827876914430238
2019-03-07,0.824799775186174,0.9752002248138261
2019-03-08,0.8315441899676831,0.968455810032317
2019-03-09,0.8377827736405788,0.9622172263594212
2019-03-10,0.8438527469439371,0.956147253056063
2019-03-11,0.8511029928340593,0.9488970071659407
2019-03-12,0.8580160179851061,0.941983982014894
2019-03-13,0.864254601658002,0.935745398341998
2019-03-14,0.8715048475481242,0.9284951524518759
2019-03-15,0.8775748208514824,0.9224251791485176
2019-03-16,0.884487846002529,0.915512153997471
2019-03-17,0.8924125333708024,0.9075874666291976
2019-03-18,0.9,0.9
2019-03-19,0.9070816355205846,0.8929183644794154
2019-03-20,0.9131516088239426,0.8868483911760574
2019-03-21,0.9210762961922159,0.8789237038077842
2019-03-22,0.9281579317128005,0.8718420682871996
2019-03-23,0.9342279050161586,0.8657720949838414
2019-03-24,0.9399606575804413,0.8600393424195587
2019-03-25,0.9458620205142617,0.8541379794857383
2019-03-26,0.9509203316003936,0.8490796683996065
2019-03-27,0.9554728115779121,0.844527188422088
2019-03-28,0.959856681185893,0.8401433188141071
2019-03-29,0.9647463819024872,0.8352536180975129
2019-03-30,0.9698046929886188,0.8301953070113812
2019-03-31,0.9733455107489112,0.8266544892510889
2019-04-01,0.9790782633131938,0.8209217366868062
2019-04-02,0.9839679640297879,0.8160320359702121
2019-04-03,0.9917240410285233,0.8082759589714767
2019-04-04,0.9964451313755797,0.8035548686244204
2019-04-05,1.0020092735703248,0.7979907264296753
2019-04-06,1.008079246873683,0.7919207531263172
2019-04-07,1.0161725446114938,0.7838274553885063
2019-04-08,1.0230855697625405,0.7769144302374595
2019-04-09,1.0299985949135873,0.7700014050864128
2019-04-10,1.0360685682169455,0.7639314317830547
2019-04-11,1.0429815933679922,0.7570184066320078
2019-04-12,1.045004917802445,0.7549950821975551
2019-04-13,1.049894618519039,0.7501053814809611
2019-04-14,1.0504004496276522,0.7495995503723479
2019-04-15,1.0544470984965577,0.7455529015034423
2019-04-16,1.0576506955177745,0.7423493044822256
2019-04-17,1.0613601236476045,0.7386398763523957
2019-04-18,1.0643613882253757,0.7356386117746242
2019-04-19,1.0643613882253757,0.7356386117746242
2019-04-20,1.0643613882253757,0.7356386117746242
2019-04-21,1.0643613882253757,0.7356386117746242
2019-04-22,1.0643613882253757,0.7356386117746242
2019-04-23,1.0643613882253757,0.7356386117746242
2019-04-24,1.0643613882253757,0.7356386117746242
2019-04-25,1.0643613882253757,0.7356386117746242
2019-04-26,1.0643613882253757,0.7356386117746242
2019-04-27,1.0643613882253757,0.7356386117746242
2019-04-28,1.0643613882253757,0.7356386117746242
2019-04-29,1.0643613882253757,0.7356386117746242
2019-04-30,1.0643613882253757,0.7356386117746242
2019-05-01,1.0643613882253757,0.7356386117746242
2019-05-02,1.0643613882253757,0.7356386117746242
2019-05-03,1.0643613882253757,0.7356386117746242
2019-05-04,1.0643613882253757,0.7356386117746242
2019-05-05,1.0643613882253757,0.7356386117746242
2019-05-06,1.0643613882253757,0.7356386117746242
2019-05-07,1.0643613882253757,0.7356386117746242
2019-05-08,1.0643613882253757,0.7356386117746242
2019-05-09,1.0643613882253757,0.7356386117746242
2019-05-10,1.0643613882253757,0.7356386117746242
2019-05-11,1.0643613882253757,0.7356386117746242
2019-05-12,1.0686609526485877,0.7313390473514122
2019-05-13,1.0781031333427005,0.7218968666572996
2019-05-14,1.0880511451454264,0.7119488548545737
2019-05-15,1.0964816636223127,0.7035183363776873
2019-05-16,1.10558662357735,0.6944133764226501
2019-05-17,1.114185752423774,0.6858142475762261
2019-05-18,1.1224476605311224,0.6775523394688775
2019-05-19,1.1280118027258677,0.6719881972741324
2019-05-20,1.133238724181537,0.6667612758184631
2019-05-21,1.1379598145285934,0.6620401854714066
2019-05-22,1.1418378530279611,0.6581621469720389
2019-05-23,1.1463903330054797,0.6536096669945203
2019-05-24,1.1490880989180834,0.6509119010819168
2019-05-25,1.1526289166783756,0.6473710833216244
2019-05-26,1.1566755655472811,0.6433244344527189
2019-05-27,1.1612280455247996,0.6387719544752004
2019-05-28,1.1667921877195446,0.6332078122804554
2019-05-29,1.1681410706758464,0.6318589293241536
2019-05-30,1.1694899536321484,0.6305100463678517
2019-05-31,1.1698271743712239,0.6301728256287762
2019-06-01,1.1703330054798369,0.6296669945201631
2019-06-02,1.1706702262189124,0.6293297737810876
2019-06-03,1.1711760573275256,0.6288239426724744
2019-06-04,1.1666235773500069,0.6333764226499932
2019-06-05,1.1632513699592524,0.6367486300407476
2019-06-06,1.1622397077420261,0.6377602922579739
2019-06-07,1.1602163833075734,0.6397836166924266
2019-06-08,1.1640944218069411,0.6359055781930589
2019-06-09,1.1674666291976956,0.6325333708023044
2019-06-10,1.1683096810453844,0.6316903189546158
2019-06-11,1.1711760573275254,0.6288239426724745
2019-06-12,1.1752227061964309,0.6247772938035692
2019-06-13,1.1799437965434874,0.6200562034565127
2019-06-14,1.1841590557819304,0.6158409442180697
2019-06-15,1.1873626528031473,0.6126373471968527
2019-06-16,1.191746522411128,0.6082534775888719
2019-06-17,1.1966362231277223,0.6033637768722778
2019-06-18,1.2013573134747786,0.5986426865252215
2019-06-19,1.2057411830827593,0.5942588169172407
2019-06-20,1.2099564423212026,0.5900435576787975
2019-06-21,1.2150147534073343,0.5849852465926656
2019-06-22,1.2197358437543908,0.5802641562456093
2019-06-23,1.2246255444709848,0.5753744555290152
2019-06-24,1.2290094140789658,0.5709905859210344
2019-06-25,1.2338991147955598,0.5661008852044402
2019-06-26,1.2404749192075313,0.5595250807924689
2019-06-27,1.2465448925108893,0.5534551074891108
2019-06-28,1.2477251650976533,0.5522748349023466
2019-06-29,1.249748489532106,0.550251510467894
2019-06-30,1.253457917661936,0.546542082338064
2019-07-01,1.255987073205002,0.544012926794998
2019-07-02,1.2591906702262188,0.5408093297737813
2019-07-03,1.2647548124209638,0.5352451875790363
2019-07-04,1.2703189546157088,0.5296810453842914
2019-07-05,1.2741969931150765,0.5258030068849235
2019-07-06,1.2780750316144442,0.5219249683855558
2019-07-07,1.2809414078965855,0.5190585921034145
2019-07-08,1.2838077841787268,0.5161922158212733
2019-07-09,1.2885288745257832,0.5114711254742169
2019-07-10,1.2920696922860755,0.5079303077139246
2019-07-11,1.292406913025151,0.5075930869748491
2019-07-12,1.2859997189827173,0.5140002810172828
2019-07-13,1.2866741604608682,0.5133258395391318
2019-07-14,1.2870113811999437,0.5129886188000563
2019-07-15,1.278749473092595,0.521250526907405
2019-07-16,1.2728481101587747,0.5271518898412254
2019-07-17,1.2650920331600393,0.5349079668399608
2019-07-18,1.2610453842911338,0.5389546157088663
2019-07-19,1.2576731769003793,0.5423268230996209
2019-07-20,1.2524462554447098,0.5475537445552903
2019-07-21,1.2524462554447098,0.5475537445552903
2019-07-22,1.249074048053955,0.550925951946045
2019-07-23,1.2472193339890403,0.5527806660109599
2019-07-24,1.2404749192075313,0.5595250807924689
2019-07-25,1.2391260362512293,0.5608739637487707
2019-07-26,1.2328874525783333,0.5671125474216667
2019-07-27,1.230021076296192,0.569978923703808
2019-07-28,1.2224336096669943,0.5775663903330057
2019-07-29,1.215183363776872,0.584816636223128
2019-07-30,1.208438948995363,0.591561051004637
2019-07-31,1.2033806379092313,0.5966193620907688
2019-08-01,1.2015259238443163,0.5984740761556838
2019-08-02,1.2008514823661653,0.5991485176338347
2019-08-03,1.2013573134747786,0.5986426865252215
2019-08-04,1.2048981312350708,0.5951018687649292
2019-08-05,1.2086075593649008,0.5913924406350992
2019-08-06,1.2129914289728818,0.5870085710271182
2019-08-07,1.2134972600814948,0.5865027399185052
2019-08-08,1.2167008571027118,0.5832991428972883
2019-08-09,1.2182183504285513,0.5817816495714487
2019-08-10,1.2197358437543908,0.5802641562456092
2019-08-11,1.2167008571027118,0.5832991428972882
2019-08-12,1.2136658704510326,0.5863341295489675
2019-08-13,1.2099564423212026,0.5900435576787975
2019-08-14,1.202200365322467,0.5977996346775329
2019-08-15,1.1927581846283548,0.6072418153716453
2019-08-16,1.1873626528031473,0.6126373471968526
2019-08-17,1.1791007446957988,0.6208992553042013
2019-08-18,1.1694899536321484,0.6305100463678517
2019-08-19,1.1617338766334129,0.6382661233665872
2019-08-20,1.1556639033300546,0.6443360966699454
2019-08-21,1.1443670085710271,0.6556329914289729
2019-08-22,1.132058451594773,0.667941548405227
2019-08-23,1.1246395953351132,0.675360404664887
2019-08-24,1.118569622031755,0.6814303779682451
2019-08-25,1.1131740902065477,0.6868259097934525
2019-08-26,1.1087902205985667,0.6912097794014334
2019-08-27,1.1020458058170577,0.6979541941829424
2019-08-28,1.095132780666011,0.7048672193339892
2019-08-29,1.0870394829282,0.7129605170718
2019-08-30,1.0794520162990022,0.7205479837009978
2019-08-31,1.0718645496698047,0.7281354503301953
2019-09-01,1.0651201348882955,0.7348798651117046
2019-09-02,1.064361388225376,0.7356386117746242
2019-09-03,1.064361388225376,0.7356386117746242
2019-09-04,1.064361388225376,0.7356386117746242
2019-09-05,1.064361388225376,0.7356386117746242
2019-09-06,1.064361388225376,0.7356386117746242
2019-09-07,1.064361388225376,0.7356386117746242
2019-09-08,1.064361388225376,0.7356386117746242
2019-09-09,1.064361388225376,0.7356386117746242
2019-09-10,1.064361388225376,0.7356386117746242
2019-09-11,1.064361388225376,0.7356386117746242
2019-09-12,1.064361388225376,0.7356386117746242
2019-09-13,1.064361388225376,0.7356386117746242
2019-09-14,1.064361388225376,0.7356386117746242
2019-09-15,1.064361388225376,0.7356386117746242
2019-09-16,1.064361388225376,0.7356386117746242
2019-09-17,1.064361388225376,0.7356386117746242
2019-09-18,1.064361388225376,0.7356386117746242
2019-09-19,1.064361388225376,0.7356386117746242
2019-09-20,1.064361388225376,0.7356386117746242
2019-09-21,1.064361388225376,0.7356386117746242
2019-09-22,1.064361388225376,0.7356386117746242
2019-09-23,1.064361388225376,0.7356386117746242
2019-09-24,1.064361388225376,0.7356386117746242
2019-09-25,1.064361388225376,0.7356386117746242
2019-09-26,1.064361388225376,0.7356386117746242
2019-09-27,1.064361388225376,0.7356386117746242
2019-09-28,1.0618659547562177,0.7381340452437825
2019-09-29,1.0532668259097935,0.7467331740902065
2019-09-30,1.0438246452156807,0.7561753547843192
2019-10-01,1.0360685682169455,0.7639314317830547
2019-10-02,1.0291555430658987,0.7708444569341014
2019-10-03,1.0207250245890123,0.7792749754109878
2019-10-04,1.00976535056906,0.79023464943094
2019-10-05,0.9994801180272587,0.8005198819727414
2019-10-06,0.9944218069411269,0.8055781930588731
2019-10-07,0.9864971195728538,0.8135028804271462
2019-10-08,0.9799213151608824,0.8200786848391176
2019-10-09,0.9752002248138261,0.824799775186174
2019-10-10,0.9714907966839961,0.828509203316004
2019-10-11,0.9647463819024871,0.835253618097513
2019-10-12,0.9583391878600533,0.8416608121399467
2019-10-13,0.9534494871434595,0.8465505128565406
2019-10-14,0.947548124209639,0.8524518757903611
2019-10-15,0.9428270338625825,0.8571729661374176
2019-10-16,0.9370942812982999,0.8629057187017002
2019-10-17,0.9296754250386398,0.8703245749613603
2019-10-18,0.9224251791485177,0.8775748208514823
2019-10-19,0.9188843613882255,0.8811156386117746
2019-10-20,0.9195588028663763,0.8804411971336238
2019-10-21,0.91483771251932,0.88516228748068
2019-10-22,0.91112828438949,0.88887171561051
2019-10-23,0.9139946606716313,0.8860053393283688
2019-10-24,0.911634115498103,0.888365884501897
2019-10-25,0.9124771673457919,0.8875228326542082
2019-10-26,0.9146691021497823,0.8853308978502178
2019-10-27,0.9160179851060841,0.8839820148939159
2019-10-28,0.9190529717577631,0.8809470282422369
2019-10-29,0.9210762961922159,0.8789237038077842
2019-10-30,0.9229310102571308,0.8770689897428693
2019-10-31,0.924617113952508,0.875382886047492
2019-11-01,0.9295068146691021,0.8704931853308979
2019-11-02,0.9310243079949417,0.8689756920050583
2019-11-03,0.936419839820149,0.8635801601798511
2019-11-04,0.9367570605592244,0.8632429394407757
2019-11-05,0.9431642546016581,0.856835745398342
2019-11-06,0.9488970071659406,0.8511029928340594
2019-11-07,0.9542925389911479,0.8457074610088522
2019-11-08,0.956147253056063,0.8438527469439371
2019-11-09,0.9529436560348461,0.847056343965154
2019-11-10,0.9492342279050162,0.8507657720949838
2019-11-11,0.945693410144724,0.8543065898552761
2019-11-12,0.9418153716453563,0.8581846283546437
2019-11-13,0.9374315020373752,0.8625684979626248
2019-11-14,0.9332162427989321,0.8667837572010679
2019-11-15,0.9320359702121681,0.8679640297878319
2019-11-16,0.9286637628214135,0.8713362371785865
2019-11-17,0.9249543346915835,0.8750456653084165
2019-11-18,0.9214135169312913,0.8785864830687088
2019-11-19,0.9192215821273008,0.8807784178726993
2019-11-20,0.9165238162146973,0.8834761837853028
2019-11-21,0.9139946606716312,0.8860053393283689
2019-11-22,0.9155121539974708,0.8844878460025293
2019-11-23,0.9171982576928481,0.8828017423071519
2019-11-24,0.9155121539974708,0.8844878460025293
2019-11-25,0.9150063228888576,0.8849936771111424
2019-11-26,0.9161865954756219,0.8838134045243782
2019-11-27,0.9145004917802446,0.8854995082197554
2019-11-28,0.9133202191934804,0.8866797808065197
2019-11-29,0.9166924265842349,0.8833075734157652
2019-11-30,0.92225656877898,0.87774343122102
2019-12-01,0.9209076858226781,0.8790923141773219
2019-12-02,0.9190529717577631,0.8809470282422369
2019-12-03,0.9182099199100745,0.8817900800899255
2019-12-04,0.9153435436279331,0.8846564563720669
2019-12-05,0.9138260503020935,0.8861739496979065
2019-12-06,0.9133202191934804,0.8866797808065197
2019-12-07,0.9153435436279331,0.8846564563720669
2019-12-08,0.9160179851060841,0.8839820148939159
2019-12-09,0.9180413095405368,0.8819586904594633
2019-12-10,0.9183785302796122,0.8816214697203878
2019-12-11,0.9170296473233104,0.8829703526766897
2019-12-12,0.9139946606716312,0.8860053393283689
2019-12-13,0.9104538429113391,0.8895461570886609
2019-12-14,0.9080932977378109,0.8919067022621892
2019-12-15,0.9043838696079809,0.8956161303920191
2019-12-16,0.901854714064915,0.898145285935085
2019-12-17,0.8984825066741605,0.9015174933258395
2019-12-18,0.8940986370661795,0.9059013629338205
2019-12-19,0.890726429675425,0.909273570324575
2019-12-20,0.8881972741323592,0.9118027258676409
2019-12-21,0.8854995082197555,0.9145004917802445
2019-12-22,0.8824645215680764,0.9175354784319236
2019-12-23,0.8814528593508499,0.9185471406491501
2019-12-24,0.8792609245468597,0.9207390754531404
2019-12-25,0.8765631586342559,0.9234368413657441
2019-12-26,0.8762259378951806,0.9237740621048195
2019-12-27,0.8762259378951806,0.9237740621048195
2019-12-28,0.8772376001124068,0.9227623998875932
2019-12-29,0.8765631586342559,0.9234368413657441
2019-12-30,0.8770689897428692,0.9229310102571309
2019-12-31,0.8772376001124068,0.9227623998875932
2020-01-01,0.8765631586342559,0.9234368413657441
2020-01-02,0.8765631586342559,0.9234368413657441
2020-01-03,0.8804411971336237,0.9195588028663764
2020-01-04,0.8848250667416047,0.9151749332583954
2020-01-05,0.8873542222846705,0.9126457777153295
2020-01-06,0.8888717156105101,0.9111282843894899
2020-01-07,0.8900519881972742,0.9099480118027259
2020-01-08,0.8940986370661795,0.9059013629338205
2020-01-09,0.8951102992834059,0.9048897007165941
2020-01-10,0.8954475200224814,0.9045524799775186
2020-01-11,0.8976394548264718,0.9023605451735283
2020-01-12,0.9001686103695377,0.8998313896304624
2020-01-13,0.9032035970212168,0.8967964029787833
2020-01-14,0.9072502458901223,0.8927497541098778
2020-01-15,0.9118027258676409,0.8881972741323592
2020-01-16,0.9145004917802446,0.8854995082197554
2020-01-17,0.9173668680623859,0.8826331319376142
2020-01-18,0.9190529717577631,0.8809470282422369
2020-01-19,0.9214135169312913,0.8785864830687088
2020-01-20,0.9230996206266686,0.8769003793733314
2020-01-21,0.9249543346915835,0.8750456653084165
2020-01-22,0.9274834902346494,0.8725165097653507
2020-01-23,0.9291695939300267,0.8708304060699733
2020-01-24,0.9291695939300267,0.8708304060699733
2020-01-25,0.9293382042995644,0.8706617957004357
2020-01-26,0.9296754250386398,0.8703245749613603
2020-01-27,0.9311929183644794,0.8688070816355207
2020-01-28,0.9340592946466209,0.8659407053533792
2020-01-29,0.9374315020373752,0.8625684979626248
2020-01-30,0.9404664886890544,0.8595335113109457
2020-01-31,0.9441759168188844,0.8558240831811157
2020-02-01,0.9504145004917802,0.8495854995082198
2020-02-02,0.9559786426865252,0.8440213573134748
2020-02-03,0.9569903049037517,0.8430096950962483
2020-02-04,0.9580019671209778,0.8419980328790222
2020-02-05,0.9581705774905157,0.8418294225094843
2020-02-06,0.9593508500772798,0.8406491499227202
2020-02-07,0.959856681185893,0.8401433188141071
2020-02-08,0.9608683434031192,0.8391316565968808
2020-02-09,0.9620486159898833,0.8379513840101167
2020-02-10,0.9630602782071098,0.8369397217928902
2020-02-11,0.9623858367289588,0.8376141632710412
2020-02-12,0.9644091611634115,0.8355908388365886
2020-02-13,0.9662638752283265,0.8337361247716736
2020-02-14,0.9679499789237038,0.8320500210762962
2020-02-15,0.9696360826190811,0.830363917380919
2020-02-16,0.9725024589012226,0.8274975410987775
2020-02-17,0.9743571729661376,0.8256428270338625
2020-02-18,0.9767177181396656,0.8232822818603345
2020-02-19,0.9784038218350428,0.8215961781649572
2020-02-20,0.9792468736827316,0.8207531263172685
2020-02-21,0.9802585358999578,0.8197414641000422
2020-02-22,0.9805957566390333,0.8194042433609667
2020-02-23,0.9819446395953352,0.8180553604046649
2020-02-24,0.9827876914430238,0.8172123085569762
2020-02-25,0.9837993536602501,0.81620064633975
2020-02-26,0.9843051847688633,0.8156948152311367
2020-02-27,0.9854854573556273,0.8145145426443727
2020-02-28,0.9868343403119292,0.8131656596880709
2020-02-29,0.988183223268231,0.811816776731769
2020-03-01,0.9913868202894478,0.8086131797105522
2020-03-02,0.9939159758325138,0.8060840241674863
2020-03-03,0.9967823521146552,0.8032176478853449
2020-03-04,1.0006603906140228,0.7993396093859773
2020-03-05,1.0040325980047773,0.7959674019952228
2020-03-06,1.007236195025994,0.792763804974006
2020-03-07,1.0082478572432205,0.7917521427567795
2020-03-08,1.008585077982296,0.7914149220177041
2020-03-09,1.0050442602220038,0.7949557397779964
2020-03-10,1.0035267668961643,0.7964732331038359
2020-03-11,1.0016720528312493,0.7983279471687509
2020-03-12,0.9993115076577209,0.8006884923422791
2020-03-13,0.9969509624841928,0.8030490375158073
2020-03-14,0.9947590276802025,0.8052409723197975
2020-03-15,0.991892651398061,0.808107348601939
2020-03-16,0.9880146128986933,0.8119853871013067
2020-03-17,0.9846424055079389,0.8153575944920611
2020-03-18,0.9811015877476466,0.8188984122523535
2020-03-19,0.9787410425741184,0.8212589574258816
2020-03-20,0.9768863285092035,0.8231136714907965
2020-03-21,0.9745257833356753,0.8254742166643247
2020-03-22,0.9726710692707603,0.8273289307292397
2020-03-23,0.9698046929886188,0.8301953070113812
2020-03-24,0.9682871996627793,0.8317128003372207
2020-03-25,0.9664324855978643,0.8335675144021357
2020-03-26,0.9649149922720248,0.8350850077279752
2020-03-27,0.9644091611634116,0.8355908388365885
2020-03-28,0.9622172263594211,0.837782773640579
2020-03-29,0.9603625122945061,0.839637487705494
2020-03-30,0.9581705774905157,0.8418294225094843
2020-03-31,0.9568216945342141,0.843178305465786
2020-04-01,0.9532808767739217,0.8467191232260783
2020-04-02,0.9514261627090068,0.8485738372909932
2020-04-03,0.9500772797527048,0.8499227202472952
2020-04-04,0.9455247997751863,0.8544752002248137
2020-04-05,0.9411409301672052,0.8588590698327948
2020-04-06,0.9369256709287621,0.8630743290712379
2020-04-07,0.9340592946466209,0.8659407053533792
2020-04-08,0.930855697625404,0.8691443023745961
2020-04-09,0.9281579317128005,0.8718420682871996
2020-04-10,0.9244485035829704,0.8755514964170297
2020-04-11,0.920401854714065,0.879598145285935
2020-04-12,0.9156807643670085,0.8843192356329915
2020-04-13,0.91112828438949,0.88887171561051
2020-04-14,0.9070816355205846,0.8929183644794154
2020-04-15,0.9032035970212168,0.8967964029787833
2020-04-16,0.8986511170436983,0.9013488829563018
2020-04-17,0.8925811437403401,0.9074188562596599
2020-04-18,0.8881972741323592,0.9118027258676409
2020-04-19,0.883982014893916,0.916017985106084
2020-04-20,0.8780806519600955,0.9219193480399045
2020-04-21,0.8733595616130392,0.9266404383869609
2020-04-22,0.8683012505269075,0.9316987494730925
2020-04-23,0.8620626668540116,0.9379373331459885
2020-04-24,0.8563299142897288,0.9436700857102712
2020-04-25,0.8511029928340593,0.9488970071659407
2020-04-26,0.8455388506393143,0.9544611493606857
2020-04-27,0.8416608121399467,0.9583391878600533
2020-04-28,0.837108332162428,0.9628916678375721
2020-04-29,0.833398904032598,0.9666010959674021
2020-04-30,0.8325558521849095,0.9674441478150906
2020-05-01,0.8305325277504567,0.9694674722495433
2020-05-02,0.8290150344246171,0.9709849655753829
2020-05-03,0.8298580862723057,0.9701419137276943
2020-05-04,0.830363917380919,0.9696360826190811
2020-05-05,0.8300266966418435,0.9699733033581566
2020-05-06,0.8286778136855416,0.9713221863144584
2020-05-07,0.827834761837853,0.9721652381621471
2020-05-08,0.8274975410987777,0.9725024589012223
2020-05-09,0.82732893072924,0.9726710692707601
2020-05-10,0.8261486581424758,0.9738513418575242
2020-05-11,0.8232822818603345,0.9767177181396656
2020-05-12,0.8202472952086554,0.9797527047913447
2020-05-13,0.8172123085569764,0.9827876914430237
2020-05-14,0.8145145426443726,0.9854854573556274
2020-05-15,0.8129970493185332,0.9870029506814668
2020-05-16,0.8096248419277786,0.9903751580722214
2020-05-17,0.8069270760151749,0.9930729239848252
2020-05-18,0.8059154137979486,0.9940845862020514
2020-05-19,0.8049037515807222,0.9950962484192778
2020-05-20,0.8040606997330336,0.9959393002669664
2020-05-21,0.8035548686244205,0.9964451313755796
2020-05-22,0.8003512716032036,0.9996487283967964
2020-05-23,0.7961360123647605,1.0038639876352395
2020-05-24,0.7927638049740059,1.0072361950259943
2020-05-25,0.7888857664746383,1.0111142335253618
2020-05-26,0.7855135590838838,1.0144864409161163
2020-05-27,0.7838274553885064,1.0161725446114935
2020-05-28,0.7818041309540538,1.0181958690459463
2020-05-29,0.7814669102149783,1.0185330897850218
2020-05-30,0.7821413516931291,1.0178586483068708
2020-05-31,0.7833216242798933,1.0166783757201068
2020-06-01,0.7845018968666573,1.0154981031333428
2020-06-02,0.7861880005620345,1.0138119994379655
2020-06-03,0.78652522130111,1.01347477869889
2020-06-04,0.7882113249964873,1.0117886750035128
2020-06-05,0.79023464943094,1.00976535056906
2020-06-06,0.7927638049740059,1.0072361950259943
2020-06-07,0.795124350147534,1.004875649852466
2020-06-08,0.7976535056906,1.0023464943094
2020-06-09,0.7998454404945905,1.0001545595054095
2020-06-10,0.8025432064071941,0.9974567935928059
2020-06-11,0.8049037515807222,0.9950962484192778
2020-06-12,0.8045665308416468,0.9954334691583533
2020-06-13,0.8040606997330336,0.9959393002669664
2020-06-14,0.8042293101025714,0.9957706898974287
2020-06-15,0.8040606997330336,0.9959393002669664
2020-06-16,0.80507236195026,0.99492763804974
2020-06-17,0.8086131797105522,0.9913868202894478
2020-06-18,0.8126598285794576,0.9873401714205424
2020-06-19,0.8163692567092877,0.9836307432907123
2020-06-20,0.8204159055781931,0.9795840944218069
2020-06-21,0.8249683855557117,0.9750316144442883
2020-06-22,0.8300266966418435,0.9699733033581566
2020-06-23,0.8349163973584376,0.9650836026415625
2020-06-24,0.8418294225094843,0.9581705774905157
2020-06-25,0.8477307854433047,0.9522692145566953
2020-06-26,0.8526204861598988,0.9473795138401012
2020-06-27,0.8578474076155683,0.9421525923844317
2020-06-28,0.8630743290712379,0.9369256709287621
2020-06-29,0.8684698608964452,0.9315301391035549
2020-06-30,0.8740340030911902,0.9259659969088099
2020-07-01,0.8794295349163974,0.9205704650836026
2020-07-02,0.884487846002529,0.915512153997471
2020-07-03,0.8892089363495856,0.9107910636504144
2020-07-04,0.8935928059575665,0.9064071940424335
2020-07-05,0.8979766755655474,0.9020233244344527
2020-07-06,0.9033722073907546,0.8966277926092454
2020-07-07,0.9085991288464241,0.8914008711535759
2020-07-08,0.9143318814107069,0.8856681185892932
2020-07-09,0.9197274132359142,0.8802725867640858
2020-07-10,0.9246171139525081,0.8753828860474919
2020-07-11,0.9296754250386399,0.8703245749613602
2020-07-12,0.9342279050161586,0.8657720949838414
2020-07-13,0.9394548264718282,0.8605451735281718
2020-07-14,0.9446817479274976,0.8553182520725024
2020-07-15,0.9500772797527048,0.8499227202472952
2020-07-16,0.9539553182520726,0.8460446817479275
2020-07-17,0.9573275256428272,0.8426724743571729
2020-07-18,0.9610369537726572,0.8389630462273429
2020-07-19,0.9654208233806381,0.834579176619362
2020-07-20,0.9703105240972321,0.829689475902768
2020-07-21,0.9760432766615147,0.8239567233384854
2020-07-22,0.9826190810734861,0.817380918926514
2020-07-23,0.9893634958549952,0.8106365041450049
2020-07-24,0.9952648587888155,0.8047351412111845
2020-07-25,1.0023464943094,0.7976535056905999
2020-07-26,1.009090909090909,0.790909090909091
2020-07-27,1.0158353238724185,0.7841646761275817
2020-07-28,1.0259519460446818,0.7740480539553183
2020-07-29,1.0353941267387947,0.7646058732612054
2020-07-30,1.0453421385415205,0.7546578614584796
2020-07-31,1.0547843192356332,0.7452156807643668
2020-08-01,1.064226499929746,0.7357735000702541
2020-08-02,1.064361388225376,0.7356386117746241
2020-08-03,1.064361388225376,0.7356386117746241
2020-08-04,1.064361388225376,0.7356386117746241
2020-08-05,1.064361388225376,0.7356386117746241
2020-08-06,1.064361388225376,0.7356386117746241
2020-08-07,1.064361388225376,0.7356386117746241
2020-08-08,1.064361388225376,0.7356386117746241
2020-08-09,1.064361388225376,0.7356386117746241
2020-08-10,1.064361388225376,0.7356386117746241
2020-08-11,1.064361388225376,0.7356386117746241
2020-08-12,1.064361388225376,0.7356386117746241
2020-08-13,1.064361388225376,0.7356386117746241
2020-08-14,1.064361388225376,0.7356386117746241
2020-08-15,1.064361388225376,0.7356386117746241
2020-08-16,1.064361388225376,0.7356386117746241
2020-08-17,1.064361388225376,0.7356386117746241
2020-08-18,1.064361388225376,0.7356386117746241
2020-08-19,1.0659631867359842,0.7340368132640157
2020-08-20,1.0720331600393425,0.7279668399606576
2020-08-21,1.0787775748208515,0.7212224251791486
2020-08-22,1.0851847688632852,0.714815231136715
2020-08-23,1.0905803006884922,0.7094196993115077
2020-08-24,1.0968188843613882,0.7031811156386119
2020-08-25,1.1027202472952087,0.6972797527047914
2020-08-26,1.1071041169031894,0.6928958830968105
2020-08-27,1.1113193761416327,0.6886806238583674
2020-08-28,1.1150288042714627,0.6849711957285374
2020-08-29,1.1200871153575944,0.6799128846424056
2020-08-30,1.1256512575523394,0.6743487424476606
2020-08-31,1.13155262048616,0.6684473795138401
2020-09-01,1.1369481523113671,0.6630518476886329
2020-09-02,1.1440297878319516,0.6559702121680484
2020-09-03,1.1507742026134609,0.6492257973865393
2020-09-04,1.1509428129829984,0.6490571870170015
2020-09-05,1.1509428129829984,0.6490571870170015
2020-09-06,1.1497625403962344,0.6502374596037656
2020-09-07,1.1485822678094704,0.6514177321905297
2020-09-08,1.146896164114093,0.653103835885907
2020-09-09,1.1448728396796404,0.6551271603203597
2020-09-10,1.1418378530279614,0.6581621469720387
2020-09-11,1.1406575804411971,0.6593424195588029
2020-09-12,1.1384656456372069,0.6615343543627933
2020-09-13,1.1359364900941409,0.6640635099058593
2020-09-14,1.133407334551075,0.6665926654489251
2020-09-15,1.1322270619643109,0.6677729380356892
2020-09-16,1.1305409582689334,0.6694590417310665
2020-09-17,1.1298665167907826,0.6701334832092174
2020-09-18,1.1290234649430941,0.6709765350569059
2020-09-19,1.1283490234649431,0.6716509765350568
2020-09-20,1.1307095686384714,0.6692904313615287
2020-09-21,1.1323956723338486,0.6676043276661514
2020-09-22,1.1322270619643109,0.6677729380356892
2020-09-23,1.1332387241815371,0.6667612758184629
2020-09-24,1.1332387241815371,0.6667612758184629
2020-09-25,1.1345876071378391,0.6654123928621609
2020-09-26,1.1354306589855276,0.6645693410144724
2020-09-27,1.1367795419418294,0.6632204580581705
2020-09-28,1.1376225937895181,0.6623774062104819
2020-09-29,1.1389714767458199,0.6610285232541802
2020-09-30,1.1408261908107349,0.6591738091892652
2020-10-01,1.1415006322888859,0.6584993677111143
2020-10-02,1.1399831389630464,0.6600168610369537
2020-10-03,1.1394773078544331,0.660522692145567
2020-10-04,1.1398145285935086,0.6601854714064914
2020-10-05,1.1396459182239709,0.6603540817760292
2020-10-06,1.1408261908107349,0.6591738091892652
2020-10-07,1.1411634115498104,0.6588365884501897
2020-10-08,1.1415006322888857,0.6584993677111143
2020-10-09,1.1425122945061121,0.6574877054938879
2020-10-10,1.1443670085710271,0.6556329914289729
2020-10-11,1.1467275537445554,0.6532724462554447
2020-10-12,1.1487508781790081,0.6512491218209919
2020-10-13,1.1517858648306871,0.6482141351693129
2020-10-14,1.1539777996346776,0.6460222003653224
2020-10-15,1.1561697344386679,0.643830265561332
2020-10-16,1.1575186173949699,0.6424813826050302
2020-10-17,1.1595419418294224,0.6404580581705777
2020-10-18,1.1619024870029506,0.6380975129970494
2020-10-19,1.1637572010678658,0.6362427989321343
2020-10-20,1.1662863566109316,0.6337136433890684
2020-10-21,1.1693213432626106,0.6306786567373894
2020-10-22,1.1743796543487424,0.6256203456512576
2020-10-23,1.1794379654348741,0.6205620345651259
2020-10-24,1.184496276521006,0.615503723478994
2020-10-25,1.1903976394548266,0.6096023605451735
2020-10-26,1.1956245609104958,0.6043754390895041
2020-10-27,1.1989967683012506,0.6010032316987495
2020-10-28,1.2033806379092313,0.5966193620907687
2020-10-29,1.2072586764085993,0.5927413235914009
2020-10-30,1.2113053252775046,0.5886946747224955
2020-10-31,1.2143403119291836,0.5856596880708165
2020-11-01,1.2175439089504005,0.5824560910495995
2020-11-02,1.220241674863004,0.579758325136996
2020-11-03,1.2229394407756078,0.5770605592243923
2020-11-04,1.2256372066882113,0.5743627933117887
2020-11-05,1.2249627652100605,0.5750372347899395
2020-11-06,1.2281663622312773,0.5718336377687229
2020-11-07,1.23018968666573,0.56981031333427
2020-11-08,1.2313699592524943,0.5686300407475059
2020-11-09,1.23389911479556,0.56610088520444
2020-11-10,1.2355852184909373,0.5644147815090628
2020-11-11,1.2374399325558523,0.5625600674441478
2020-11-12,1.2399690880989183,0.5600309119010819
2020-11-13,1.2423296332724463,0.5576703667275538
2020-11-14,1.2441843473373613,0.5558156526626388
2020-11-15,1.2457018406632008,0.5542981593367992
2020-11-16,1.2478937754671913,0.5521062245328088
2020-11-17,1.2490740480539553,0.5509259519460448
2020-11-18,1.2512659828579458,0.5487340171420542
2020-11-19,1.252952086553323,0.547047913446677
2020-11-20,1.2548068006182382,0.5451931993817618
2020-11-21,1.2575045665308417,0.5424954334691583
2020-11-22,1.2602023324434455,0.5397976675565546
2020-11-23,1.2620570465083603,0.5379429534916397
2020-11-24,1.2630687087255867,0.5369312912744134
2020-11-25,1.2649234227905017,0.5350765772094983
2020-11-26,1.2667781368554167,0.5332218631445832
2020-11-27,1.2677897990726432,0.5322102009273568
2020-11-28,1.2698131235070957,0.5301868764929043
2020-11-29,1.2711620064633977,0.5288379935366024
2020-11-30,1.272848110158775,0.5271518898412251
2020-12-01,1.2760517071799917,0.5239482928200083
2020-12-02,1.27841225235352,0.5215877476464801
2020-12-03,1.2812786286356612,0.5187213713643388
2020-12-04,1.2839763945482647,0.5160236054517353
2020-12-05,1.287011381199944,0.5129886188000561
2020-12-06,1.2905521989602362,0.5094478010397638
2020-12-07,1.2930813545033022,0.5069186454966979
2020-12-08,1.2964535618940565,0.5035464381059436
2020-12-09,1.2983082759589717,0.5016917240410284
2020-12-10,1.3015118729801887,0.4984881270198115
2020-12-11,1.3025235351974147,0.4974764648025853
2020-12-12,1.3043782492623297,0.49562175073767034
2020-12-13,1.312977378108754,0.4870226218912462
2020-12-14,1.3220823380637912,0.4779176619362089
2020-12-15,1.3305128565406774,0.46948714345932263
2020-12-16,1.3391119853871012,0.46088801461289874
2020-12-17,1.3477111142335256,0.4522888857664745
2020-12-18,1.3573219052971757,0.44267809470282427
2020-12-19,1.3665954756217509,0.4334045243782491
2020-12-20,1.3751946044681749,0.4248053955318252
2020-12-21,1.383793733314599,0.41620626668540106
2020-12-22,1.3922242517914853,0.40777574820851475
2020-12-23,1.4013292117465226,0.39867078825347757
2020-12-24,1.4079050161584938,0.3920949838415062
2020-12-25,1.416504145004918,0.383495854995082
2020-12-26,1.4240916116341158,0.37590838836588425
2020-12-27,1.4311732471547005,0.36882675284529964
2020-12-28,1.43859210341436,0.3614078965856399
2020-12-29,1.4451679078263315,0.3548320921736684
2020-12-30,1.4524181537164536,0.3475818462835464
2020-12-31,1.4618603344105665,0.33813966558943365
2021-01-01,1.4704594632569905,0.32954053674300965
2021-01-02,1.4797330335815653,0.3202669664184348
2021-01-03,1.4876577209498385,0.31234227905016154
2021-01-04,1.4959196290571874,0.3040803709428127
2021-01-05,1.5036757060559225,0.29632429394407744
2021-01-06,1.5124434452718842,0.2875565547281158
2021-01-07,1.52019952227062,0.2798004777293802
2021-01-08,1.52761837853028,0.2723816214697202
2021-01-09,1.535711676268091,0.26428832373190925
2021-01-10,1.54464802585359,0.25535197414641
2021-01-11,1.5530785443304764,0.24692145566952373
2021-01-12,1.560160179851061,0.23983982014893912
2021-01-13,1.566230153154419,0.233769846845581
2021-01-14,1.5723001264577774,0.22769987354222276
2021-01-15,1.579887593086975,0.22011240691302503
2021-01-16,1.5862947871294089,0.2137052128705913
2021-01-17,1.5915217085850781,0.2084782914149219
2021-01-18,1.5959055781930591,0.20409442180694093
2021-01-19,1.6001208374315024,0.1998791625684978
2021-01-20,1.6045047070394833,0.19549529296051682
2021-01-21,1.6077083040606999,0.19229169593930007
2021-01-22,1.6055163692567098,0.19448363074329034
2021-01-23,1.6085513559083886,0.19144864409161144
2021-01-24,1.6115863425600678,0.18841365743993221
2021-01-25,1.6146213292117464,0.18537867078825354
2021-01-26,1.61731909512435,0.18268090487565003
2021-01-27,1.6211971336237179,0.17880286637628218
2021-01-28,1.6210285232541803,0.1789714767458198
2021-01-29,1.623726289166784,0.17627371083321597
2021-01-30,1.624232120275397,0.17576787972460295
2021-01-31,1.624906561753548,0.17509343824645196
2021-02-01,1.625581003231699,0.17441899676830097
2021-02-02,1.625581003231699,0.17441899676830097
2021-02-03,1.6260868343403123,0.17391316565968773
2021-02-04,1.6292904313615288,0.1707095686384711
2021-02-05,1.6311451454264438,0.1688548545735561
2021-02-06,1.6340115217085853,0.16598847829141472
2021-02-07,1.6360348461430378,0.1639651538569622
2021-02-08,1.6377209498384153,0.16227905016158473
2021-02-09,1.6415989883377828,0.15840101166221732
2021-02-10,1.6451398060980753,0.15486019390192485
2021-02-11,1.648849234227905,0.15115076577209496
2021-02-12,1.6518842208795843,0.14811577912041574
2021-02-13,1.6552564282703388,0.14474357172966135
2021-02-14,1.6560994801180275,0.1439005198819725
2021-02-15,1.6569425319657163,0.14305746803428387
2021-02-16,1.6591344667697066,0.1408655332302935
2021-02-17,1.659977518617395,0.14002248138260498
2021-02-18,1.6601461289869328,0.13985387101306734
2021-02-19,1.6613264015736968,0.13867359842630333
2021-02-20,1.6620008430518476,0.13799915694815246
2021-02-21,1.6623380637909229,0.13766193620907707
2021-02-22,1.6630125052690738,0.13698749473092608
2021-02-23,1.6643613882253758,0.13563861177462422
2021-02-24,1.6620008430518476,0.13799915694815246
2021-02-25,1.6608205704650834,0.1391794295349167
2021-02-26,1.6547505971617253,0.1452494028382746
2021-02-27,1.6483434031192916,0.15165659688070843
2021-02-28,1.6431164816636221,0.15688351833637793
2021-03-01,1.6341801320781228,0.1658198679218773
2021-03-02,1.6314823661655191,0.16851763383448093
2021-03-03,1.6294590417310664,0.17054095826893378
2021-03-04,1.6287846002529154,0.17121539974708455
2021-03-05,1.6259182239707743,0.1740817760292258
2021-03-06,1.6232204580581706,0.17677954194182943
2021-03-07,1.6215343543627934,0.17846564563720668
2021-03-08,1.6205226921455669,0.17947730785443328
2021-03-09,1.619173809189265,0.18082619081073503
2021-03-10,1.6158016017985104,0.18419839820148953
2021-03-11,1.6120921736686804,0.18790782633131975
2021-03-12,1.6083827455388504,0.19161725446114963
2021-03-13,1.6053477588871714,0.19465224111282864
2021-03-14,1.6029872137136432,0.19701278628635688
2021-03-15,1.600120837431502,0.19987916256849814
2021-03-16,1.5960741885625964,0.20392581143740351
2021-03-17,1.592196150063229,0.20780384993677126
2021-03-18,1.588318111563861,0.211681888436139
2021-03-19,1.5857889560207954,0.21421104397920465
2021-03-20,1.5825853589995784,0.21741464100042174
2021-03-21,1.579887593086975,0.22011240691302525
2021-03-22,1.5765153856962204,0.22348461430377975
2021-03-23,1.5723001264577772,0.22769987354222287
2021-03-24,1.5672418153716454,0.23275818462835463
2021-03-25,1.562014893915976,0.23798510608402423
2021-03-26,1.5556076998735424,0.24439230012645774
2021-03-27,1.5510552198960237,0.24894478010397636
2021-03-28,1.5475144021357314,0.2524855978642686
2021-03-29,1.5439735843754394,0.25602641562456074
2021-03-30,1.5406013769846845,0.25939862301531547
2021-03-31,1.537903611072081,0.262096388927919
2021-04-01,1.535543065898553,0.2644569341014472
2021-04-02,1.5323394688773362,0.26766053112266386
2021-04-03,1.5301475340733455,0.26985246592665457
2021-04-04,1.5267753266825912,0.27322467331740885
2021-04-05,1.5230658985527612,0.27693410144723885
2021-04-06,1.5203681326401575,0.2796318673598426
2021-04-07,1.516995925249403,0.28300407475059697
2021-04-08,1.513960938597724,0.2860390614022762
2021-04-09,1.5104201208374317,0.28957987916256833
2021-04-10,1.5062048615989885,0.29379513840101146
2021-04-11,1.5031698749473095,0.2968301250526907
2021-04-12,1.499797667556555,0.3002023324434452
2021-04-13,1.496594070535338,0.30340592946466194
2021-04-14,1.4933904735141215,0.3066095264858787
2021-04-15,1.491029928340593,0.30897007165940693
2021-04-16,1.488163552058452,0.3118364479415482
2021-04-17,1.4856343965153858,0.3143656034846143
2021-04-18,1.483273851341858,0.3167261486581422
2021-04-19,1.480070254320641,0.31992974567935917
2021-04-20,1.4765294365603487,0.3234705634396513
2021-04-21,1.4736630602782073,0.3263369397217928
2021-04-22,1.4704594632569905,0.32954053674300954
2021-04-23,1.4665814247576228,0.3334185752423773
2021-04-24,1.4588253477588875,0.34117465224111254
2021-04-25,1.449214556695237,0.350785443304763
2021-04-26,1.4396037656315868,0.3603962343684133
2021-04-27,1.4347140649149925,0.3652859350850074
2021-04-28,1.431341857524238,0.3686581424757621
2021-04-29,1.4266207671771816,0.3733792328228185
2021-04-30,1.422068287199663,0.377931712800337
2021-05-01,1.420888014612899,0.379111985387101
2021-05-02,1.4252718842208798,0.37472811577912024
2021-05-03,1.4230799494168895,0.3769200505831105
2021-05-04,1.422742728677814,0.377257271322186
2021-05-05,1.418358859069833,0.3816411409301669
2021-05-06,1.4173471968526066,0.38265280314739336
2021-05-07,1.4149866516790786,0.3850133483209216
2021-05-08,1.4170099761135313,0.38299002388646874
2021-05-09,1.4163355346353803,0.38366446536461973
2021-05-10,1.4156610931572295,0.3843389068427705
2021-05-11,1.412794716875088,0.387205283124912
2021-05-12,1.4112772235492486,0.3887227764507516
2021-05-13,1.4036897569200506,0.39631024307994933
2021-05-14,1.3949220177040889,0.40507798229591113
2021-05-15,1.3859856681185894,0.4140143318814107
2021-05-16,1.3757004355767881,0.42429956442321193
2021-05-17,1.3660896445131379,0.4339103554868622
2021-05-18,1.3551299704931856,0.44487002950681453
2021-05-19,1.3450133483209221,0.45498665167907804
2021-05-20,1.3308500772797527,0.46914992272024725
2021-05-21,1.3185415203034987,0.4814584796965013
2021-05-22,1.304884080370943,0.4951159196290571
2021-05-23,1.2917324715470002,0.5082675284529999
2021-05-24,1.2779064212449067,0.5220935787550933
2021-05-25,1.2655978642686527,0.5344021357313473
2021-05-26,1.2536265280314742,0.5463734719685258
2021-05-27,1.2421610229029088,0.5578389770970913
2021-05-28,1.2296838555571168,0.5703161444428831
2021-05-29,1.2173752985808628,0.5826247014191372
2021-05-30,1.2033806379092316,0.5966193620907685
2021-05-31,1.1910720809329776,0.6089279190670225
2021-06-01,1.1791007446957988,0.6208992553042011
2021-06-02,1.1671294084586203,0.6328705915413797
2021-06-03,1.1553266825909794,0.6446733174090207
2021-06-04,1.147064774483631,0.6529352255163691
2021-06-05,1.1377912041590559,0.662208795840944
2021-06-06,1.1313840101166224,0.6686159898833778
2021-06-07,1.1244709849655754,0.6755290150344246
2021-06-08,1.117389349444991,0.6826106505550091
2021-06-09,1.1133427005760856,0.6866572994239145
2021-06-10,1.1037319095124352,0.6962680904875649
2021-06-11,1.0941211184487847,0.7058788815512154
2021-06-12,1.084678937754672,0.715321062245328
2021-06-13,1.075573977799635,0.7244260222003652
2021-06-14,1.067312069692286,0.732687930307714
2021-06-15,1.064361388225376,0.735638611774624
2021-06-16,1.064361388225376,0.735638611774624
2021-06-17,1.064361388225376,0.735638611774624
2021-06-18,1.064361388225376,0.735638611774624
2021-06-19,1.064361388225376,0.735638611774624
2021-06-20,1.064361388225376,0.735638611774624
2021-06-21,1.064361388225376,0.735638611774624
2021-06-22,1.064361388225376,0.735638611774624
2021-06-23,1.064361388225376,0.735638611774624
2021-06-24,1.064361388225376,0.735638611774624
2021-06-25,1.064361388225376,0.735638611774624
2021-06-26,1.064361388225376,0.735638611774624
2021-06-27,1.064361388225376,0.735638611774624
2021-06-28,1.064361388225376,0.735638611774624
2021-06-29,1.059842630321765,0.740157369678235
2021-06-30,1.0527609948011807,0.7472390051988195
2021-07-01,1.046353800758747,0.7536461992412532
2021-07-02,1.038934944499087,0.7610650555009131
2021-07-03,1.0328649711957287,0.7671350288042712
2021-07-04,1.0283124912182102,0.7716875087817899
2021-07-05,1.022242517914852,0.777757482085148
2021-07-06,1.0131375579598147,0.7868624420401853
2021-07-07,1.0057187017001548,0.7942812982998452
2021-07-08,0.996950962484193,0.803049037515807
2021-07-09,0.9875087817900803,0.8124912182099198
2021-07-10,0.978403821835043,0.821596178164957
2021-07-11,0.9692988618800059,0.8307011381199941
2021-07-12,0.961205564142195,0.838794435857805
2021-07-13,0.9521006041871577,0.8478993958128423
2021-07-14,0.9436700857102716,0.8563299142897285
2021-07-15,0.9343965153856963,0.8656034846143037
2021-07-16,0.9259659969088101,0.87403400309119
2021-07-17,0.9161865954756221,0.883813404524378
2021-07-18,0.9075874666291979,0.8924125333708022
2021-07-19,0.8998313896304625,0.9001686103695375
2021-07-20,0.890220598566812,0.909779401433188
2021-07-21,0.8794295349163976,0.9205704650836024
2021-07-22,0.870493185330898,0.929506814669102
2021-07-23,0.8617254461149363,0.9382745538850638
2021-07-24,0.8521146550512859,0.9478853449487141
2021-07-25,0.8435155262048618,0.9564844737951382
2021-07-26,0.8350850077279754,0.9649149922720246
2021-07-27,0.8271603203597023,0.9728396796402977
2021-07-28,0.8231136714907968,0.9768863285092032
2021-07-29,0.8192356329914292,0.9807643670085708
2021-07-30,0.8158634256006746,0.9841365743993254
2021-07-31,0.815020373752986,0.9849796262470141
2021-08-01,0.8158634256006746,0.9841365743993254
2021-08-02,0.8177181396655896,0.9822818603344105
2021-08-03,0.820584515947731,0.9794154840522691
2021-08-04,0.8231136714907968,0.9768863285092032
2021-08-05,0.8231136714907968,0.9768863285092032
2021-08-06,0.8219333989040327,0.9780666010959673
2021-08-07,0.8247997751861742,0.9752002248138258
2021-08-08,0.8286778136855417,0.9713221863144583
2021-08-09,0.8281719825769287,0.9718280174230713
2021-08-10,0.8290150344246173,0.9709849655753827
2021-08-11,0.8305325277504569,0.9694674722495431
2021-08-12,0.8308697484895323,0.9691302515104677
2021-08-13,0.8345791766193623,0.9654208233806377
2021-08-14,0.8364338906842772,0.9635661093157228
2021-08-15,0.8376141632710413,0.9623858367289587
2021-08-16,0.83845721511873,0.9615427848812701
2021-08-17,0.8382886047491922,0.9617113952508078
2021-08-18,0.83845721511873,0.9615427848812701
2021-08-19,0.8399747084445695,0.9600252915554306
2021-08-20,0.8403119291836451,0.959688070816355
2021-08-21,0.8482366165519181,0.951763383448082
2021-08-22,0.8566671350288044,0.9433328649711956
2021-08-23,0.8654348742447663,0.9345651257552338
2021-08-24,0.875382886047492,0.924617113952508
2021-08-25,0.8831389630462274,0.9168610369537726
2021-08-26,0.8922439230012646,0.9077560769987354
2021-08-27,0.9003372207390757,0.8996627792609243
2021-08-28,0.9116341154981032,0.8883658845018968
2021-08-29,0.9205704650836029,0.8794295349163972
2021-08-30,0.9308556976254041,0.869144302374596
2021-08-31,0.94080370942813,0.8591962905718701
2021-09-01,0.9510889419699314,0.8489110580300686
2021-09-02,0.9598566811858931,0.840143318814107
2021-09-03,0.9686244204018548,0.8313755795981452
2021-09-04,0.9762118870310527,0.8237881129689474
2021-09-05,0.9849796262470144,0.8150203737529856
2021-09-06,0.9952648587888157,0.8047351412111844
2021-09-07,1.0068989742869188,0.7931010257130812
2021-09-08,1.011788675003513,0.7882113249964872
2021-09-09,1.0160039342419562,0.7839960657580439
2021-09-10,1.0198819727413238,0.7801180272586762
2021-09-11,1.021062245328088,0.7789377546719122
2021-09-12,1.0219052971757765,0.7780947028242234
2021-09-13,1.025277504566531,0.774722495433469
2021-09-14,1.0274694393705215,0.7725305606294784
2021-09-15,1.0332021919348042,0.7667978080651959
2021-09-16,1.0399466067163132,0.7600533932836867
2021-09-17,1.045679359280596,0.7543206407194041
2021-09-18,1.05056905999719,0.7494309400028101
2021-09-19,1.0559645918223972,0.7440354081776027
2021-09-20,1.0596740199522272,0.7403259800477728
2021-09-21,1.0603484614303782,0.7396515385696218
2021-09-22,1.0591681888436142,0.740831811156386
2021-09-23,1.0573134747786992,0.742686525221301
2021-09-24,1.0573134747786992,0.742686525221301
2021-09-25,1.0576506955177747,0.7423493044822255
2021-09-26,1.05798791625685,0.74201208374315
2021-09-27,1.0584937473654632,0.7415062526345368
2021-09-28,1.059168188843614,0.740831811156386
2021-09-29,1.059336799213152,0.7406632007868482
2021-09-30,1.0610229029085292,0.7389770970914709
2021-10-01,1.0632148377125195,0.7367851622874806
2021-10-02,1.064361388225376,0.7356386117746241
2021-10-03,1.064361388225376,0.7356386117746241
2021-10-04,1.064361388225376,0.7356386117746241
2021-10-05,1.064361388225376,0.7356386117746241
2021-10-06,1.064361388225376,0.7356386117746241
2021-10-07,1.064361388225376,0.7356386117746241
2021-10-08,1.064361388225376,0.7356386117746241
2021-10-09,1.064361388225376,0.7356386117746241
2021-10-10,1.064361388225376,0.7356386117746241
2021-10-11,1.064361388225376,0.7356386117746241
2021-10-12,1.064361388225376,0.7356386117746241
2021-10-13,1.064361388225376,0.7356386117746241
2021-10-14,1.064361388225376,0.7356386117746241
2021-10-15,1.064361388225376,0.7356386117746241
2021-10-16,1.064361388225376,0.7356386117746241
2021-10-17,1.064361388225376,0.7356386117746241
2021-10-18,1.072370380778418,0.7276296192215821
2021-10-19,1.081643951102993,0.7183560488970072
2021-10-20,1.0912547421666434,0.7087452578333566
2021-10-21,1.102045805817058,0.6979541941829421
2021-10-22,1.1111507657720952,0.688849234227905
2021-10-23,1.1202557257271324,0.6797442742728677
2021-10-24,1.1288548545735564,0.6711451454264437
2021-10-25,1.1384656456372069,0.6615343543627933
2021-10-26,1.1480764367008571,0.6519235632991429
2021-10-27,1.1563383448082059,0.6436616551917942
2021-10-28,1.1642630321764789,0.6357369678235212
2021-10-29,1.1743796543487426,0.6256203456512575
2021-10-30,1.1831473935647043,0.6168526064352956
2021-10-31,1.1917465224111283,0.6082534775888717
2021-11-01,1.20051426162709,0.59948573837291
2021-11-02,1.2082703386258256,0.5917296613741745
2021-11-03,1.2167008571027118,0.5832991428972881
2021-11-04,1.2236138822537588,0.5763861177462413
2021-11-05,1.2274919207531263,0.5725080792468736
2021-11-06,1.2310327385134188,0.5689672614865813
2021-11-07,1.2344049459041733,0.5655950540958268
2021-11-08,1.2369341014472393,0.5630658985527608
2021-11-09,1.2409807503161445,0.5590192496838555
2021-11-10,1.2455332302936633,0.5544667697063368
2021-11-11,1.2504229310102573,0.5495770689897428
2021-11-12,1.2558184628354645,0.5441815371645355
2021-11-13,1.2595278909652945,0.5404721090347056
2021-11-14,1.2632373190951247,0.5367626809048754
2021-11-15,1.2637431502037377,0.5362568497962623
2021-11-16,1.2632373190951247,0.5367626809048754
2021-11-17,1.2610453842911342,0.5389546157088658
2021-11-18,1.2581790080089927,0.5418209919910073
2021-11-19,1.2521090347056345,0.5478909652943655
2021-11-20,1.247556554728116,0.552443445271884
2021-11-21,1.2440157369678237,0.5559842630321764
2021-11-22,1.2396318673598428,0.5603681326401573
2021-11-23,1.2332246733174093,0.5667753266825909
2021-11-24,1.2281663622312773,0.5718336377687228
2021-11-25,1.2214219474497683,0.5785780525502318
2021-11-26,1.2170380778417873,0.5829619221582126
2021-11-27,1.2087761697344388,0.5912238302655614
2021-11-28,1.2015259238443166,0.5984740761556835
2021-11-29,1.1939384572151188,0.6060615427848811
2021-11-30,1.1878684839117606,0.6121315160882395
2021-12-01,1.180281017282563,0.619718982717437
2021-12-02,1.1723563299142898,0.6276436700857102
2021-12-03,1.1652746943937053,0.6347253056062947
2021-12-04,1.1568441759168189,0.6431558240831812
2021-12-05,1.1479078263313194,0.6520921736686807
2021-12-06,1.1374539834199804,0.6625460165800197
2021-12-07,1.1295292960517074,0.6704707039482927
2021-12-08,1.1219418294225094,0.6780581705774905
2021-12-09,1.1145229731628497,0.6854770268371503
2021-12-10,1.1065982857945764,0.6934017142054235
2021-12-11,1.0968188843613882,0.7031811156386119
2021-12-12,1.0888941969931152,0.7111058030068849
2021-12-13,1.0814753407334552,0.7185246592665447
2021-12-14,1.0727076015174934,0.7272923984825066
2021-12-15,1.064361388225376,0.7356386117746241
2021-12-16,1.064361388225376,0.7356386117746241
2021-12-17,1.064361388225376,0.7356386117746241
2021-12-18,1.064361388225376,0.7356386117746241
2021-12-19,1.064361388225376,0.7356386117746241
2021-12-20,1.064361388225376,0.7356386117746241
2021-12-21,1.064361388225376,0.7356386117746241
2021-12-22,1.064361388225376,0.7356386117746241
2021-12-23,1.064361388225376,0.7356386117746241
2021-12-24,1.064361388225376,0.7356386117746241
2021-12-25,1.064361388225376,0.7356386117746241
2021-12-26,1.064361388225376,0.7356386117746241
2021-12-27,1.064361388225376,0.7356386117746241
2021-12-28,1.064361388225376,0.7356386117746241
2021-12-29,1.064361388225376,0.7356386117746241
2021-12-30,1.064361388225376,0.7356386117746241
2021-12-31,1.064361388225376,0.7356386117746241
2022-01-01,1.064361388225376,0.7356386117746241
2022-01-02,1.064361388225376,0.7356386117746241
2022-01-03,1.064361388225376,0.7356386117746241
2022-01-04,1.064361388225376,0.7356386117746241
2022-01-05,1.064361388225376,0.7356386117746241
2022-01-06,1.064361388225376,0.7356386117746241
2022-01-07,1.064361388225376,0.7356386117746241
2022-01-08,1.064361388225376,0.7356386117746241
2022-01-09,1.064361388225376,0.7356386117746241
2022-01-10,1.064361388225376,0.7356386117746241
2022-01-11,1.064361388225376,0.7356386117746241
2022-01-12,1.064361388225376,0.7356386117746241
2022-01-13,1.064361388225376,0.7356386117746241
2022-01-14,1.064361388225376,0.7356386117746241
2022-01-15,1.064361388225376,0.7356386117746241
2022-01-16,1.064361388225376,0.7356386117746241
2022-01-17,1.064361388225376,0.7356386117746241
2022-01-18,1.064361388225376,0.7356386117746241
2022-01-19,1.064361388225376,0.7356386117746241
2022-01-20,1.0628776169734442,0.7371223830265559
2022-01-21,1.05427848812702,0.7457215118729801
2022-01-22,1.0446676970633695,0.7553323029366305
2022-01-23,1.034551074891106,0.765448925108894
2022-01-24,1.0235914008711537,0.7764085991288463
2022-01-25,1.0122945061121262,0.7877054938878738
2022-01-26,1.003020935787551,0.796979064212449
2022-01-27,0.9937473654629763,0.8062526345370238
2022-01-28,0.983967964029788,0.816032035970212
2022-01-29,0.9738513418575244,0.8261486581424756
2022-01-30,0.9660952648587889,0.8339047351412111
2022-01-31,0.9569903049037518,0.8430096950962482
2022-02-01,0.9490656175354787,0.8509343824645214
2022-02-02,0.9416467612758186,0.8583532387241815
2022-02-03,0.932204580581706,0.8677954194182941
2022-02-04,0.9232682309962065,0.8767317690037936
2022-02-05,0.9177040888014616,0.8822959111985385
2022-02-06,0.9121399466067165,0.8878600533932836
2022-02-07,0.9074188562596601,0.8925811437403399
2022-02-08,0.9030349866516793,0.8969650133483208
2022-02-09,0.8996627792609247,0.9003372207390753
2022-02-10,0.895784740761557,0.904215259238443
2022-02-11,0.8914008711535761,0.9085991288464239
2022-02-12,0.8865111704369821,0.9134888295630179
2022-02-13,0.881621469720388,0.918378530279612
2022-02-14,0.8774062104819449,0.9225937895180552
2022-02-15,0.8728537305044262,0.9271462694955739
2022-02-16,0.8688070816355207,0.9311929183644794
2022-02-17,0.8634115498103134,0.9365884501896866
2022-02-18,0.8558240831811158,0.9441759168188842
2022-02-19,0.847056343965154,0.9529436560348461
2022-02-20,0.8391316565968809,0.9608683434031191
2022-02-21,0.8312069692286077,0.9687930307713923
2022-02-22,0.8221020092735705,0.9778979907264296
2022-02-23,0.8141773219052972,0.9858226780947028
2022-02-24,0.8060840241674865,0.9939159758325136
2022-02-25,0.8018687649290434,0.9981312350709567
2022-02-26,0.797147674581987,1.002852325418013
2022-02-27,0.7957987916256851,1.0042012083743148
2022-02-28,0.7919207531263175,1.0080792468736826
2022-03-01,0.7922579738653929,1.007742026134607
2022-03-02,0.7925951946044684,1.0074048053955316
2022-03-03,0.7936068568216947,1.0063931431783053
2022-03-04,0.7920893634958552,1.0079106365041448
2022-03-05,0.7904032598004779,1.009596740199522
2022-03-06,0.7861880005620348,1.0138119994379653
2022-03-07,0.7865252213011101,1.0134747786988898
2022-03-08,0.7855135590838839,1.0144864409161163
2022-03-09,0.7836588450189689,1.016341154981031
2022-03-10,0.7816355205845161,1.0183644794154838
2022-03-11,0.7796121961500633,1.0203878038499368
2022-03-12,0.7779260924546861,1.0220739075453138
2022-03-13,0.7762399887593089,1.0237600112406913
2022-03-14,0.7759027680202335,1.0240972319797665
2022-03-15,0.7764085991288466,1.0235914008711533
2022-03-16,0.7777574820851484,1.0222425179148515
2022-03-17,0.7780947028242239,1.021905297175776
2022-03-18,0.7775888717156108,1.0224111282843893
2022-03-19,0.777420261346073,1.022579738653927
2022-03-20,0.778600533932837,1.021399466067163
2022-03-21,0.7809610791063651,1.0190389208936348
2022-03-22,0.7807924687368274,1.0192075312631725
2022-03-23,0.7812982998454406,1.0187017001545593
2022-03-24,0.7845018968666575,1.0154981031333425
2022-03-25,0.7877054938878743,1.0122945061121258
2022-03-26,0.7914149220177044,1.0085850779822958
2022-03-27,0.7957987916256852,1.0042012083743148
2022-03-28,0.8018687649290434,0.9981312350709567
2022-03-29,0.806421244906562,0.9935787550934381
2022-03-30,0.8114795559926937,0.9885204440073063
2022-03-31,0.8156948152311368,0.9843051847688632
2022-04-01,0.8165378670788255,0.9834621329211746
2022-04-02,0.8195728537305046,0.9804271462694955
2022-04-03,0.8207531263172687,0.9792468736827313
2022-04-04,0.8229450611212592,0.9770549388787408
2022-04-05,0.8256428270338627,0.9743571729661373
2022-04-06,0.8269917099901646,0.9730082900098355
2022-04-07,0.8258114374034005,0.9741885625965996
2022-04-08,0.8274975410987778,0.9725024589012222
2022-04-09,0.8288464240550796,0.9711535759449205
2022-04-10,0.8298580862723058,0.9701419137276942
2022-04-11,0.831712800337221,0.9682871996627791
2022-04-12,0.8301953070113813,0.9698046929886187
2022-04-13,0.8295208655332305,0.9704791344667696
2022-04-14,0.8303639173809191,0.969636082619081
2022-04-15,0.8300266966418436,0.9699733033581565
2022-04-16,0.8322186314458341,0.967781368554166
2022-04-17,0.8339047351412114,0.9660952648587886
2022-04-18,0.8362652803147396,0.9637347196852605
2022-04-19,0.8369397217928904,0.9630602782071096
2022-04-20,0.8376141632710413,0.9623858367289587
2022-04-21,0.8386258254882677,0.9613741745117323
2022-04-22,0.8393002669664187,0.9606997330335814
2022-04-23,0.8398060980750318,0.9601939019249682
2022-04-24,0.8403119291836451,0.959688070816355
2022-04-25,0.8403119291836451,0.959688070816355
2022-04-26,0.8413235914008713,0.9586764085991287
2022-04-27,0.8411549810313336,0.9588450189686665
2022-04-28,0.8411549810313336,0.9588450189686665
2022-04-29,0.8409863706617959,0.9590136293382041
2022-04-30,0.8403119291836451,0.959688070816355
2022-05-01,0.8408177602922582,0.9591822397077419
2022-05-02,0.8433469158353241,0.956653084164676
2022-05-03,0.8460446817479278,0.9539553182520722
2022-05-04,0.8473935647042294,0.9526064352957706
2022-05-05,0.8499227202472954,0.9500772797527046
2022-05-06,0.8497541098777577,0.9502458901222424
2022-05-07,0.8502599409863709,0.9497400590136291
2022-05-08,0.8492482787691444,0.9507517212308556
2022-05-09,0.8470563439651541,0.952943656034846
2022-05-10,0.8438527469439372,0.9561472530560629
2022-05-11,0.8425038639876354,0.9574961360123646
2022-05-12,0.8401433188141073,0.9598566811858927
2022-05-13,0.8371083321624282,0.9628916678375719
2022-05-14,0.8352536180975132,0.9647463819024868
2022-05-15,0.833567514402136,0.9664324855978641
2022-05-16,0.8303639173809192,0.9696360826190809
2022-05-17,0.8254742166643251,0.974525783335675
2022-05-18,0.81991007446958,0.9800899255304201
2022-05-19,0.8140087115357597,0.9859912884642403
2022-05-20,0.8070956863847129,0.9929043136152872
2022-05-21,0.800857102711817,0.9991428972881831
2022-05-22,0.7947871294084589,1.0052128705915413
2022-05-23,0.7890543768441761,1.0109456231558238
2022-05-24,0.783658845018969,1.016341154981031
2022-05-25,0.7777574820851485,1.0222425179148515
2022-05-26,0.7720247295208658,1.0279752704791343
2022-05-27,0.7654489251088943,1.0345510748911058
2022-05-28,0.7588731206969231,1.0411268793030768
2022-05-29,0.7561753547843195,1.0438246452156805
2022-05-30,0.7536461992412535,1.0463538007587465
2022-05-31,0.7517914851763385,1.0482085148236615
2022-06-01,0.7504426022200368,1.0495573977799633
2022-06-02,0.7492623296332728,1.0507376703667273
2022-06-03,0.7467331740902068,1.0532668259097933
2022-06-04,0.7452156807643673,1.0547843192356328
2022-06-05,0.7423493044822259,1.057650695517774
2022-06-06,0.7401573696782354,1.0598426303217647
2022-06-07,0.7383026556133204,1.0616973443866797
2022-06-08,0.7377968245047073,1.0622031754952928
2022-06-09,0.7310524097231982,1.0689475902768018
2022-06-10,0.7244766053112268,1.0755233946887732
2022-06-11,0.7199241253337082,1.0800758746662917
2022-06-12,0.7167205283124916,1.0832794716875085
2022-06-13,0.7148658142475764,1.0851341857524235
2022-06-14,0.7125052690740483,1.0874947309259517
2022-06-15,0.7098075031614447,1.0901924968385552
2022-06-16,0.7074469579879166,1.0925530420120835
2022-06-17,0.7052550231839261,1.094744976816074
2022-06-18,0.7015455950540961,1.098454404945904
2022-06-19,0.6988478291414925,1.1011521708585077
2022-06-20,0.6966558943375021,1.103344105662498
2022-06-21,0.6946325699030493,1.1053674300969507
2022-06-22,0.6926092454685966,1.1073907545314035
2022-06-23,0.6909231417732193,1.1090768582267807
2022-06-24,0.6887312069692288,1.1112687930307712
2022-06-25,0.6865392721652385,1.1134607278347617
2022-06-26,0.6846845581003234,1.1153154418996767
2022-06-27,0.6819867921877198,1.1180132078122802
2022-06-28,0.6784459744274275,1.1215540255725727
2022-06-29,0.6755795981452861,1.124420401854714
2022-06-30,0.6730504426022204,1.1269495573977797
2022-07-01,0.6696782352114657,1.1303217647885342
2022-07-02,0.6652943656034849,1.1347056343965152
2022-07-03,0.6592243923001267,1.1407756076998732
2022-07-04,0.6529858086272309,1.1470141913727692
2022-07-05,0.647927497541099,1.1520725024589011
2022-07-06,0.6408458620205145,1.1591541379794856
2022-07-07,0.634438667978081,1.1655613320219191
2022-07-08,0.6285373050442605,1.1714626949557396
2022-07-09,0.623816214697204,1.176183785302796
2022-07-10,0.6194323450892232,1.1805676549107769
2022-07-11,0.6143740340030914,1.1856259659969086
2022-07-12,0.6089785021778842,1.1910214978221159
2022-07-13,0.6027399185049883,1.1972600814950116
2022-07-14,0.5968385555711678,1.203161444428832
2022-07-15,0.591274413376423,1.208725586623577
2022-07-16,0.5890824785724325,1.2109175214275676
2022-07-17,0.5868905437684421,1.213109456231558
2022-07-18,0.5852044400730648,1.214795559926935
2022-07-19,0.5845299985949138,1.215470001405086
2022-07-20,0.5843613882253762,1.2156386117746238
2022-07-21,0.5867219333989044,1.2132780666010956
2022-07-22,0.588070816355206,1.211929183644794
2022-07-23,0.5885766474638193,1.2114233525361806
2022-07-24,0.589925530420121,1.210074469579879
2022-07-25,0.5902627511591966,1.2097372488408036
2022-07-26,0.589925530420121,1.210074469579879
2022-07-27,0.590599971898272,1.209400028101728
2022-07-28,0.5914430237459606,1.2085569762540396
2022-07-29,0.5934663481804133,1.2065336518195866
2022-07-30,0.5959955037234792,1.2040044962765208
2022-07-31,0.5981874385274697,1.2018125614725303
2022-08-01,0.5997049318533093,1.2002950681466906
2022-08-02,0.6008852044400733,1.1991147955599266
2022-08-03,0.6027399185049882,1.1972600814950118
2022-08-04,0.6032457496136014,1.1967542503863986
2022-08-05,0.6049318533089787,1.1950681466910213
2022-08-06,0.6061121258957428,1.1938878741042571
2022-08-07,0.6072923984825069,1.192707601517493
2022-08-08,0.6089785021778842,1.1910214978221159
2022-08-09,0.6123507095686387,1.1876492904313614
2022-08-10,0.6128565406772519,1.1871434593227481
2022-08-11,0.61521708585078,1.18478291414922
2022-08-12,0.6187579036110724,1.1812420963889276
2022-08-13,0.621961500632289,1.178038499367711
2022-08-14,0.6261767598707323,1.1738232401292676
2022-08-15,0.6298861880005622,1.1701138119994379
2022-08-16,0.634270057608543,1.165729942391457
2022-08-17,0.6393283686946749,1.1606716313053251
2022-08-18,0.6427005760854294,1.1572994239145706
2022-08-19,0.6462413938457218,1.1537586061542782
2022-08-20,0.6491077701278631,1.150892229872137
2022-08-21,0.6519741464100044,1.1480258535899956
2022-08-22,0.655346353800759,1.1446536461992411
2022-08-23,0.6583813404524381,1.141618659547562
2022-08-24,0.660236054517353,1.1397639454826471
2022-08-25,0.6631024307994944,1.1368975692005057
2022-08-26,0.6656315863425604,1.1343684136574397
2022-08-27,0.6681607418856261,1.131839258114374
2022-08-28,0.6706898974286921,1.129310102571308
2022-08-29,0.6725446114936071,1.127455388506393
2022-08-30,0.6747365462975975,1.1252634537024027
2022-08-31,0.6769284811015879,1.1230715188984122
2022-09-01,0.6782773640578897,1.1217226359421102
2022-09-02,0.6806379092314179,1.1193620907685822
2022-09-03,0.6821554025572574,1.1178445974427427
2022-09-04,0.6835042855135592,1.1164957144864407
2022-09-05,0.6851903892089366,1.1148096107910634
2022-09-06,0.6865392721652384,1.1134607278347617
2022-09-07,0.6888998173387665,1.1111001826612334
2022-09-08,0.6895742588169174,1.1104257411830827
2022-09-09,0.6904173106646061,1.109582689335394
2022-09-10,0.692946466207672,1.1070535337923282
2022-09-11,0.6956442321202756,1.1043557678797244
2022-09-12,0.6974989461851906,1.1025010538148095
2022-09-13,0.701545595054096,1.0984544049459042
2022-09-14,0.7039061402276241,1.096093859772376
2022-09-15,0.7060980750316146,1.0939019249683855
2022-09-16,0.7066039061402277,1.0933960938597722
2022-09-17,0.7084586202051428,1.0915413797948572
2022-09-18,0.710819165378671,1.0891808346213292
2022-09-19,0.7123366587045105,1.0876633412954895
2022-09-20,0.7138541520303501,1.08614584796965
2022-09-21,0.7158774764648027,1.0841225235351972
2022-09-22,0.7182380216383308,1.0817619783616692
2022-09-23,0.7204299564423213,1.0795700435576787
2022-09-24,0.7232963327244626,1.0767036672755375
2022-09-25,0.7258254882675286,1.0741745117324715
2022-09-26,0.7283546438105944,1.0716453561894057
2022-09-27,0.7307151889841226,1.0692848110158775
2022-09-28,0.7325699030490376,1.0674300969509625
2022-09-29,0.7347618378530281,1.065238162146972
2022-09-30,0.7364479415484053,1.0635520584515947
2022-10-01,0.7379654348742448,1.0620345651257552
2022-10-02,0.7401573696782353,1.0598426303217647
2022-10-03,0.7418434733736126,1.0581565266263875
2022-10-04,0.7428551355908388,1.0571448644091612
2022-10-05,0.7450470703948294,1.0549529296051707
2022-10-06,0.747744836307433,1.052255163692567
2022-10-07,0.7494309400028102,1.0505690599971897
2022-10-08,0.7516228748068008,1.0483771251931993
2022-10-09,0.7534775888717158,1.0465224111282843
2022-10-10,0.7548264718280174,1.0451735281719825
2022-10-11,0.7570184066320079,1.0429815933679922
2022-10-12,0.7580300688492343,1.0419699311507657
2022-10-13,0.758198679218772,1.041801320781228
2022-10-14,0.7592103414359984,1.0407896585640015
2022-10-15,0.7602220036532248,1.0397779963467753
2022-10-16,0.7608964451313757,1.0391035548686243
2022-10-17,0.7602220036532248,1.0397779963467753
2022-10-18,0.7598847829141494,1.0401152170858508
2022-10-19,0.7600533932836872,1.039946606716313
2022-10-20,0.761233665870451,1.038766334129549
2022-10-21,0.7625825488267529,1.0374174511732472
2022-10-22,0.7629197695658284,1.0370802304341717
2022-10-23,0.7642686525221303,1.0357313474778698
2022-10-24,0.764437262891668,1.035562737108332
2022-10-25,0.763762821413517,1.036237178586483
2022-10-26,0.7659547562175075,1.0340452437824925
2022-10-27,0.766291976956583,1.033708023043417
2022-10-28,0.7661233665870453,1.0338766334129548
2022-10-29,0.7661233665870453,1.0338766334129548
2022-10-30,0.766291976956583,1.033708023043417
2022-10-31,0.766291976956583,1.033708023043417
2022-11-01,0.766291976956583,1.033708023043417
2022-11-02,0.766291976956583,1.033708023043417
2022-11-03,0.7669664184347338,1.0330335815652663
2022-11-04,0.7673036391738093,1.0326963608261908
2022-11-05,0.7683153013910357,1.0316846986089643
2022-11-06,0.7684839117605734,1.0315160882394265
2022-11-07,0.7669664184347338,1.0330335815652663
2022-11-08,0.765617535478432,1.034382464521568
2022-11-09,0.7649430940002812,1.035056905999719
2022-11-10,0.7634256006744415,1.0365743993255585
2022-11-11,0.761908107348602,1.038091892651398
2022-11-12,0.7603906140227625,1.0396093859772375
2022-11-13,0.758873120696923,1.041126879303077
2022-11-14,0.7576928481101589,1.042307151889841
2022-11-15,0.756343965153857,1.043656034846143
2022-11-16,0.755163692567093,1.044836307432907
2022-11-17,0.751454264437263,1.048545735562737
2022-11-18,0.7501053814809612,1.0498946185190388
2022-11-19,0.7470703948292821,1.052929605170718
2022-11-20,0.744035408177603,1.055964591822397
2022-11-21,0.7398201489391598,1.0601798510608402
2022-11-22,0.7356048897007167,1.0643951102992832
2022-11-23,0.7317268512013491,1.068273148798651
2022-11-24,0.7276802023324436,1.0723197976675565
2022-11-25,0.7241393845721513,1.0758606154278487
2022-11-26,0.7227905016158496,1.0772094983841505
2022-11-27,0.7216102290290854,1.0783897709709147
2022-11-28,0.7214416186595477,1.0785583813404522
2022-11-29,0.72127300829001,1.0787269917099902
2022-11-30,0.72127300829001,1.0787269917099902
2022-12-01,0.7211043979204722,1.0788956020795277
2022-12-02,0.7214416186595477,1.0785583813404522
2022-12-03,0.7217788393986231,1.078221160601377
2022-12-04,0.7216102290290854,1.0783897709709147
2022-12-05,0.72127300829001,1.0787269917099902
2022-12-06,0.7207671771813968,1.0792328228186032
2022-12-07,0.7216102290290854,1.0783897709709147
2022-12-08,0.72127300829001,1.0787269917099902
2022-12-09,0.7217788393986231,1.078221160601377
2022-12-10,0.7229591119853872,1.0770408880146127
2022-12-11,0.723127722354925,1.076872277645075
2022-12-12,0.7241393845721513,1.0758606154278487
2022-12-13,0.7253196571589154,1.0746803428410847
2022-12-14,0.7264999297456795,1.0735000702543207
2022-12-15,0.7280174230715191,1.071982576928481
2022-12-16,0.7288604749192076,1.0711395250807925
2022-12-17,0.7302093578755094,1.0697906421244905
2022-12-18,0.7308837993536604,1.0691162006463397
2022-12-19,0.7310524097231981,1.068947590276802
2022-12-20,0.7315582408318113,1.0684417591681887
2022-12-21,0.7317268512013491,1.068273148798651
2022-12-22,0.7307151889841227,1.0692848110158772
2022-12-23,0.7307151889841227,1.0692848110158772
2022-12-24,0.7308837993536604,1.0691162006463397
2022-12-25,0.7324012926794999,1.0675987073205
2022-12-26,0.7334129548967263,1.0665870451032737
2022-12-27,0.7334129548967263,1.0665870451032737
2022-12-28,0.7345932274834904,1.0654067725165097
2022-12-29,0.735436279331179,1.064563720668821
2022-12-30,0.7362793311788677,1.0637206688211323
2022-12-31,0.7367851622874808,1.0632148377125192
2023-01-01,0.7377968245047072,1.0622031754952928
2023-01-02,0.7383026556133203,1.0616973443866797
2023-01-03,0.7386398763523958,1.0613601236476042
2023-01-04,0.7399887593086977,1.0600112406913025
2023-01-05,0.7415062526345372,1.0584937473654628
2023-01-06,0.7425179148517635,1.0574820851482365
2023-01-07,0.7430237459603767,1.0569762540396233
2023-01-08,0.7436981874385277,1.0563018125614725
2023-01-09,0.7445412392862163,1.0554587607137838
2023-01-10,0.7448784600252918,1.0551215399747083
2023-01-11,0.7452156807643672,1.0547843192356328
2023-01-12,0.7469017844597445,1.0530982155402555
2023-01-13,0.7479134466769708,1.0520865533230292
2023-01-14,0.7512856540677253,1.0487143459322747
2023-01-15,0.7561753547843194,1.0438246452156805
2023-01-16,0.7597161725446117,1.0402838274553883
2023-01-17,0.7646058732612058,1.0353941267387943
2023-01-18,0.7696641843473375,1.0303358156526625
2023-01-19,0.7732050021076298,1.0267949978923703
2023-01-20,0.7784319235632994,1.0215680764367006
2023-01-21,0.7839960657580444,1.0160039342419558
2023-01-22,0.7888857664746384,1.0111142335253616
2023-01-23,0.7932696360826194,1.0067303639173808
2023-01-24,0.7979907264296757,1.0020092735703243
2023-01-25,0.8032176478853452,0.9967823521146548
2023-01-26,0.8086131797105525,0.9913868202894476
2023-01-27,0.8140087115357597,0.9859912884642403
2023-01-28,0.8188984122523537,0.9811015877476463
2023-01-29,0.824293944077561,0.9757060559224391
2023-01-30,0.8312069692286078,0.9687930307713922
2023-01-31,0.8359280595756642,0.9640719404243359
2023-02-01,0.8416608121399469,0.9583391878600531
2023-02-02,0.8484052269214559,0.9515947730785441
2023-02-03,0.8529577068989744,0.9470422931010256
2023-02-04,0.8573415765069554,0.9426584234930446
2023-02-05,0.8620626668540117,0.9379373331459884
2023-02-06,0.8657720949838417,0.9342279050161584
2023-02-07,0.8691443023745962,0.9308556976254039
2023-02-08,0.8736967823521148,0.9263032176478853
2023-02-09,0.877912041590558,0.922087958409442
2023-02-10,0.8809470282422371,0.9190529717577629
2023-02-11,0.8841506252634539,0.9158493747365462
2023-02-12,0.8875228326542084,0.9124771673457917
2023-02-13,0.8892089363495858,0.9107910636504143
2023-02-14,0.890895040044963,0.909104959955037
2023-02-15,0.8942672474357176,0.9057327525642824
2023-02-16,0.899494168891387,0.900505831108613
2023-02-17,0.9048897007165944,0.8951102992834057
2023-02-18,0.9112968947590279,0.8887031052409722
2023-02-19,0.9171982576928484,0.8828017423071517
2023-02-20,0.9234368413657441,0.8765631586342559
2023-02-21,0.929844035408178,0.8701559645918221
2023-02-22,0.9357453983419984,0.8642546016580016
2023-02-23,0.9414781509062811,0.858521849093719
2023-02-24,0.9465364619924127,0.8534635380075873
2023-02-25,0.9519319938176201,0.84806800618238
2023-02-26,0.9566530841646763,0.8433469158353237
2023-02-27,0.961205564142195,0.838794435857805
2023-02-28,0.966095264858789,0.833904735141211
2023-03-01,0.9709849655753832,0.8290150344246169
2023-03-02,0.9758746662919772,0.8241253337080229
2023-03-03,0.9805957566390335,0.8194042433609665
2023-03-04,0.9856540677251653,0.8143459322748348
2023-03-05,0.990206547702684,0.809793452297316
2023-03-06,0.9945904173106649,0.8054095826893352
2023-03-07,0.9984684558100326,0.8015315441899674
2023-03-08,1.0021778839398627,0.7978221160601374
2023-03-09,1.0052128705915415,0.7947871294084584
2023-03-10,1.0060559224392303,0.7939440775607698
2023-03-11,1.0070675846564565,0.7929324153435434
2023-03-12,1.0080792468736832,0.7919207531263169
2023-03-13,1.011788675003513,0.788211324996487
2023-03-14,1.0168469860896447,0.7831530139103553
2023-03-15,1.0208936349585502,0.7791063650414499
2023-03-16,1.0254461149360687,0.7745538850639313
2023-03-17,1.029155543065899,0.7708444569341012
2023-03-18,1.0357313474778702,0.7642686525221298
2023-03-19,1.0419699311507662,0.758030068849234
2023-03-20,1.0485457355627374,0.7514542644372626
2023-03-21,1.055627371083322,0.7443726289166781
2023-03-22,1.0615287340171422,0.7384712659828577
2023-03-23,1.0643613882253762,0.735638611774624
2023-03-24,1.0643613882253762,0.735638611774624
2023-03-25,1.0643613882253762,0.735638611774624
2023-03-26,1.0643613882253762,0.735638611774624
2023-03-27,1.0643613882253762,0.735638611774624
2023-03-28,1.0643613882253762,0.735638611774624
2023-03-29,1.0643613882253762,0.735638611774624
2023-03-30,1.0643613882253762,0.735638611774624
2023-03-31,1.0643613882253762,0.735638611774624