Day,I_p,I_n
2018-07-25,-0.27393564704229323,0.27393564704229323
2018-07-26,-0.26634818041309527,0.26634818041309527
2018-07-27,-0.2598847829141492,0.2598847829141492
2018-07-28,-0.25173528171982584,0.25173528171982584
2018-07-29,-0.24386679780806517,0.24386679780806517
2018-07-30,-0.2379654348742448,0.2379654348742448
2018-07-31,-0.23318814107067584,0.23318814107067584
2018-08-01,-0.23009695096248414,0.23009695096248414
2018-08-02,-0.22728677813685524,0.22728677813685524
2018-08-03,-0.235155262048616,0.235155262048616
2018-08-04,-0.23965153856962204,0.23965153856962204
2018-08-05,-0.24864409161163423,0.24864409161163423
2018-08-06,-0.2567935928059576,0.2567935928059576
2018-08-07,-0.2669102149782211,0.2669102149782211
2018-08-08,-0.2770268371504848,0.2770268371504848
2018-08-09,-0.28742447660531123,0.28742447660531123
2018-08-10,-0.2961360123647604,0.2961360123647604
2018-08-11,-0.3065336518195869,0.3065336518195869
2018-08-12,-0.31721230855697624,0.31721230855697624
2018-08-13,-0.3290150344246172,0.3290150344246172
2018-08-14,-0.34334691583532395,0.34334691583532395
2018-08-15,-0.3540255725727133,0.3540255725727133
2018-08-16,-0.3655472811577912,0.3655472811577912
2018-08-17,-0.375101868764929,0.375101868764929
2018-08-18,-0.38606154278488125,0.38606154278488125
2018-08-19,-0.3899957847407616,0.3899957847407616
2018-08-20,-0.3950540958268933,0.3950540958268933
2018-08-21,-0.4009554587607138,0.4009554587607138
2018-08-22,-0.4062947871294085,0.4062947871294085
2018-08-23,-0.4124771673457919,0.4124771673457919
2018-08-24,-0.4161303920191093,0.4161303920191093
2018-08-25,-0.41865954756217505,0.41865954756217505
2018-08-26,-0.4237178586483069,0.4237178586483069
2018-08-27,-0.4273710833216242,0.4273710833216242
2018-08-28,-0.43102430799494185,0.43102430799494185
2018-08-29,-0.437206688211325,0.437206688211325
2018-08-30,-0.4394548264718281,0.4394548264718281
2018-08-31,-0.4419839820148941,0.4419839820148941
2018-09-01,-0.4436700857102712,0.4436700857102712
2018-09-02,-0.4456372066882114,0.4456372066882114
2018-09-03,-0.4467612758184629,0.4467612758184629
2018-09-04,-0.44479415484052276,0.44479415484052276
2018-09-05,-0.4461992412533371,0.4461992412533371
2018-09-06,-0.4467612758184629,0.4467612758184629
2018-09-07,-0.4526626387522834,0.4526626387522834
2018-09-08,-0.45462975973022346,0.45462975973022346
2018-09-09,-0.45772094983841516,0.45772094983841516
2018-09-10,-0.46109315722916966,0.46109315722916966
2018-09-11,-0.46727553744555295,0.46727553744555295
2018-09-12,-0.47486300407475057,0.47486300407475057
2018-09-13,-0.4765491077701278,0.4765491077701278
2018-09-14,-0.4818884361388226,0.4818884361388226
2018-09-15,-0.4858226780947028,0.4858226780947028
2018-09-16,-0.4891948854854574,0.4891948854854574
2018-09-17,-0.49312912744133763,0.49312912744133763
2018-09-18,-0.49397217928902637,0.49397217928902637
2018-09-19,-0.4914430237459604,0.4914430237459604
2018-09-20,-0.49003793733314605,0.49003793733314605
2018-09-21,-0.48666572994239155,0.48666572994239155
2018-09-22,-0.4816074188562598,0.4816074188562598
2018-09-23,-0.4782352114655052,0.4782352114655052
2018-09-24,-0.4723338485316848,0.4723338485316848
2018-09-25,-0.4683996065758045,0.4683996065758045
2018-09-26,-0.4655894337501758,0.4655894337501758
2018-09-27,-0.4627792609245469,0.4627792609245469
2018-09-28,-0.46053112266404395,0.46053112266404395
2018-09-29,-0.46053112266404395,0.46053112266404395
2018-09-30,-0.4588450189686666,0.4588450189686666
2018-10-01,-0.45378670788253483,0.45378670788253483
2018-10-02,-0.4487283967964031,0.4487283967964031
2018-10-03,-0.4431080511451455,0.4431080511451455
2018-10-04,-0.44085991288464244,0.44085991288464244
2018-10-05,-0.4355205845159478,0.4355205845159478
2018-10-06,-0.43158634256006745,0.43158634256006745
2018-10-07,-0.42793311788675015,0.42793311788675015
2018-10-08,-0.4268090487564986,0.4268090487564986
2018-10-09,-0.4256849796262471,0.4256849796262471
2018-10-10,-0.42540396234368427,0.42540396234368427
2018-10-11,-0.4287761697344388,0.4287761697344388
2018-10-12,-0.43439651538569624,0.43439651538569624
2018-10-13,-0.4405788956020795,0.4405788956020795
2018-10-14,-0.44507517212308567,0.44507517212308567
2018-10-15,-0.449009414078966,0.449009414078966
2018-10-16,-0.4529436560348461,0.4529436560348461
2018-10-17,-0.45743993255585225,0.45743993255585225
2018-10-18,-0.46053112266404395,0.46053112266404395
2018-10-19,-0.4619362090768582,0.4619362090768582
2018-10-20,-0.4653084164676128,0.4653084164676128
2018-10-21,-0.46755655472811586,0.46755655472811586
2018-10-22,-0.46811858929324157,0.46811858929324157
2018-10-23,-0.47036672755374465,0.47036672755374465
2018-10-24,-0.47401995222706206,0.47401995222706206
2018-10-25,-0.47795419418294227,0.47795419418294227
2018-10-26,-0.4816074188562598,0.4816074188562598
2018-10-27,-0.4846986089644514,0.4846986089644514
2018-10-28,-0.4880708163552059,0.4880708163552059
2018-10-29,-0.49059997189827176,0.49059997189827176
2018-10-30,-0.494815231136715,0.494815231136715
2018-10-31,-0.4981874385274696,0.4981874385274696
2018-11-01,-0.5038077841787271,0.5038077841787271
2018-11-02,-0.5088660952648589,0.5088660952648589
2018-11-03,-0.5136433890684278,0.5136433890684278
2018-11-04,-0.515329492763805,0.515329492763805
2018-11-05,-0.5187017001545595,0.5187017001545595
2018-11-06,-0.522073907545314,0.522073907545314
2018-11-07,-0.5234789939581285,0.5234789939581285
2018-11-08,-0.5226359421104398,0.5226359421104398
2018-11-09,-0.5203878038499368,0.5203878038499368
2018-11-10,-0.5167345791766195,0.5167345791766195
2018-11-11,-0.5116762680904876,0.5116762680904876
2018-11-12,-0.5057749051566672,0.5057749051566672
2018-11-13,-0.49650133483209213,0.49650133483209213
2018-11-14,-0.48975692005058313,0.48975692005058313
2018-11-15,-0.4889138682028945,0.4889138682028945
2018-11-16,-0.4889138682028945,0.4889138682028945
2018-11-17,-0.48750878179008006,0.48750878179008006
2018-11-18,-0.4861036953772657,0.4861036953772657
2018-11-19,-0.48329352255163704,0.48329352255163704
2018-11-20,-0.4824504707039483,0.4824504707039483
2018-11-21,-0.48413657439932567,0.48413657439932567
2018-11-22,-0.4846986089644514,0.4846986089644514
2018-11-23,-0.48638471265982863,0.48638471265982863
2018-11-24,-0.4880708163552059,0.4880708163552059
2018-11-25,-0.49088098918083467,0.49088098918083467
2018-11-26,-0.49284811015877483,0.49284811015877483
2018-11-27,-0.49734438667978087,0.49734438667978087
2018-11-28,-0.5007165940705354,0.5007165940705354
2018-11-29,-0.5009976113530983,0.5009976113530983
2018-11-30,-0.501559645918224,0.501559645918224
2018-12-01,-0.5029647323310384,0.5029647323310384
2018-12-02,-0.5040888014612899,0.5040888014612899
2018-12-03,-0.5054938878741043,0.5054938878741043
2018-12-04,-0.5074610088520444,0.5074610088520444
2018-12-05,-0.5071799915694815,0.5071799915694815
2018-12-06,-0.5088660952648589,0.5088660952648589
2018-12-07,-0.5111142335253618,0.5111142335253618
2018-12-08,-0.5142054236335535,0.5142054236335535
2018-12-09,-0.5150484754812421,0.5150484754812421
2018-12-10,-0.5156105100463679,0.5156105100463679
2018-12-11,-0.5164535618940566,0.5164535618940566
2018-12-12,-0.517858648306871,0.517858648306871
2018-12-13,-0.5212308556976254,0.5212308556976254
2018-12-14,-0.5231979766755656,0.5231979766755656
2018-12-15,-0.5240410285232542,0.5240410285232542
2018-12-16,-0.5251650976535057,0.5251650976535057
2018-12-17,-0.5254461149360686,0.5254461149360686
2018-12-18,-0.5226359421104398,0.5226359421104398
2018-12-19,-0.5209498384150626,0.5209498384150626
2018-12-20,-0.5184206828719967,0.5184206828719967
2018-12-21,-0.5125193199381762,0.5125193199381762
2018-12-22,-0.5102711816776733,0.5102711816776733
2018-12-23,-0.5080230434171702,0.5080230434171702
2018-12-24,-0.5077420261346074,0.5077420261346074
2018-12-25,-0.506336939721793,0.506336939721793
2018-12-26,-0.50605592243923,0.50605592243923
2018-12-27,-0.5038077841787271,0.5038077841787271
2018-12-28,-0.5046508360264157,0.5046508360264157
2018-12-29,-0.5046508360264157,0.5046508360264157
2018-12-30,-0.5068989742869188,0.5068989742869188
2018-12-31,-0.5094281298299845,0.5094281298299845
2019-01-01,-0.5133623717858649,0.5133623717858649
2019-01-02,-0.5170155964591823,0.5170155964591823
2019-01-03,-0.5181396655894337,0.5181396655894337
2019-01-04,-0.5150484754812421,0.5150484754812421
2019-01-05,-0.5167345791766195,0.5167345791766195
2019-01-06,-0.5198257692848112,0.5198257692848112
2019-01-07,-0.5192637347196853,0.5192637347196853
2019-01-08,-0.517858648306871,0.517858648306871
2019-01-09,-0.5158915273289308,0.5158915273289308
2019-01-10,-0.5147674581986793,0.5147674581986793
2019-01-11,-0.5195447520022483,0.5195447520022483
2019-01-12,-0.5215118729801883,0.5215118729801883
2019-01-13,-0.5260081495011943,0.5260081495011943
2019-01-14,-0.5310664605873261,0.5310664605873261
2019-01-15,-0.5316284951524519,0.5316284951524519
2019-01-16,-0.5321905297175776,0.5321905297175776
2019-01-17,-0.5330335815652663,0.5330335815652663
2019-01-18,-0.5327525642827033,0.5327525642827033
2019-01-19,-0.529380356891949,0.529380356891949
2019-01-20,-0.5231979766755656,0.5231979766755656
2019-01-21,-0.5189827174371224,0.5189827174371224
2019-01-22,-0.5164535618940566,0.5164535618940566
2019-01-23,-0.5128003372207391,0.5128003372207391
2019-01-24,-0.5091471125474216,0.5091471125474216
2019-01-25,-0.5057749051566672,0.5057749051566672
2019-01-26,-0.501559645918224,0.501559645918224
2019-01-27,-0.49734438667978087,0.49734438667978087
2019-01-28,-0.49341014472390055,0.49341014472390055
2019-01-29,-0.49341014472390055,0.49341014472390055
2019-01-30,-0.494815231136715,0.494815231136715
2019-01-31,-0.49678235211465505,0.49678235211465505
2019-02-01,-0.49678235211465505,0.49678235211465505
2019-02-02,-0.49762540396234367,0.49762540396234367
2019-02-03,-0.5004355767879725,0.5004355767879725
2019-02-04,-0.5021216804833497,0.5021216804833497
2019-02-05,-0.50605592243923,0.50605592243923
2019-02-06,-0.5116762680904876,0.5116762680904876
2019-02-07,-0.515329492763805,0.515329492763805
2019-02-08,-0.5139244063509907,0.5139244063509907
2019-02-09,-0.5102711816776733,0.5102711816776733
2019-02-10,-0.5091471125474216,0.5091471125474216
2019-02-11,-0.506336939721793,0.506336939721793
2019-02-12,-0.5071799915694815,0.5071799915694815
2019-02-13,-0.5054938878741043,0.5054938878741043
2019-02-14,-0.5038077841787271,0.5038077841787271
2019-02-15,-0.5052128705915415,0.5052128705915415
2019-02-16,-0.5074610088520444,0.5074610088520444
2019-02-17,-0.5099901643951104,0.5099901643951104
2019-02-18,-0.5068989742869188,0.5068989742869188
2019-02-19,-0.5038077841787271,0.5038077841787271
2019-02-20,-0.5018406632007869,0.5018406632007869
2019-02-21,-0.5009976113530983,0.5009976113530983
2019-02-22,-0.49762540396234367,0.49762540396234367
2019-02-23,-0.48778979907264297,0.48778979907264297
2019-02-24,-0.47486300407475057,0.47486300407475057
2019-02-25,-0.4683996065758045,0.4683996065758045
2019-02-26,-0.46446536461992416,0.46446536461992416
2019-02-27,-0.46137417451173257,0.46137417451173257
2019-02-28,-0.4563158634256007,0.4563158634256007
2019-03-01,-0.4487283967964031,0.4487283967964031
2019-03-02,-0.44114093016720535,0.44114093016720535
2019-03-03,-0.4321483771251933,0.4321483771251933
2019-03-04,-0.4262470141913728,0.4262470141913728
2019-03-05,-0.41894056484473796,0.41894056484473796
2019-03-06,-0.41191513278066605,0.41191513278066605
2019-03-07,-0.39926935506533656,0.39926935506533656
2019-03-08,-0.3880286637628214,0.3880286637628214
2019-03-09,-0.377631024307995,0.377631024307995
2019-03-10,-0.3675144021357314,0.3675144021357314
2019-03-11,-0.3554306589855276,0.3554306589855276
2019-03-12,-0.3439089504004498,0.3439089504004498
2019-03-13,-0.33351131094562314,0.33351131094562314
2019-03-14,-0.3214275677954195,0.3214275677954195
2019-03-15,-0.31131094562315587,0.31131094562315587
2019-03-16,-0.299789237038078,0.299789237038078
2019-03-17,-0.2865814247576225,0.2865814247576225
2019-03-18,-0.27393564704229323,0.27393564704229323
2019-03-19,-0.26213292117465226,0.26213292117465226
2019-03-20,-0.25201629900238876,0.25201629900238876
2019-03-21,-0.23880848672193342,0.23880848672193342
2019-03-22,-0.22700576085429244,0.22700576085429244
2019-03-23,-0.21688913868202894,0.21688913868202894
2019-03-24,-0.20733455107489104,0.20733455107489104
2019-03-25,-0.19749894618519034,0.19749894618519034
2019-03-26,-0.18906842770830387,0.18906842770830387
2019-03-27,-0.18148096107910636,0.18148096107910636
2019-03-28,-0.17417451173247153,0.17417451173247153
2019-03-29,-0.16602501053814797,0.16602501053814797
2019-03-30,-0.15759449206126183,0.15759449206126183
2019-03-31,-0.15169312912744123,0.15169312912744123
2019-04-01,-0.14213854152030359,0.14213854152030359
2019-04-02,-0.13398904032597997,0.13398904032597997
2019-04-03,-0.12106224532808779,0.12106224532808779
2019-04-04,-0.11319376141632709,0.11319376141632709
2019-04-05,-0.10392019109175199,0.10392019109175199
2019-04-06,-0.09380356891948838,0.09380356891948838
2019-04-07,-0.08031473935647038,0.08031473935647038
2019-04-08,-0.06879303077139237,0.06879303077139237
2019-04-09,-0.057271322186314366,0.057271322186314366
2019-04-10,-0.04715470001405089,0.04715470001405089
2019-04-11,-0.03563299142897278,0.03563299142897278
2019-04-12,-0.032260784038218276,0.032260784038218276
2019-04-13,-0.024111282843894882,0.024111282843894882
2019-04-14,-0.023268230996206285,0.023268230996206285
2019-04-15,-0.01652381621469709,0.01652381621469709
2019-04-16,-0.011184487846002483,0.011184487846002483
2019-04-17,-0.005002107629619196,0.005002107629619196
2019-04-18,0.0,0.0
2019-04-19,0.0,0.0
2019-04-20,0.0,0.0
2019-04-21,0.0,0.0
2019-04-22,0.0,0.0
2019-04-23,0.0,0.0
2019-04-24,0.0,0.0
2019-04-25,0.0,0.0
2019-04-26,0.0,0.0
2019-04-27,0.0,0.0
2019-04-28,0.0,0.0
2019-04-29,0.0,0.0
2019-04-30,0.0,0.0
2019-05-01,0.0,0.0
2019-05-02,0.0,0.0
2019-05-03,0.0,0.0
2019-05-04,0.0,0.0
2019-05-05,0.0,0.0
2019-05-06,0.0,0.0
2019-05-07,0.0,0.0
2019-05-08,0.0,0.0
2019-05-09,0.0,0.0
2019-05-10,0.0,0.0
2019-05-11,0.0,0.0
2019-05-12,0.007165940705353396,-0.007165940705353396
2019-05-13,0.0229029085288745,-0.0229029085288745
2019-05-14,0.03948292820008428,-0.03948292820008428
2019-05-15,0.05353379232822811,-0.05353379232822811
2019-05-16,0.06870872558662358,-0.06870872558662358
2019-05-17,0.0830406069973301,-0.0830406069973301
2019-05-18,0.09681045384291129,-0.09681045384291129
2019-05-19,0.1060840241674863,-0.1060840241674863
2019-05-20,0.11479555992693538,-0.11479555992693538
2019-05-21,0.12266404383869609,-0.12266404383869609
2019-05-22,0.1291274413376422,-0.1291274413376422
2019-05-23,0.1367149079668399,-0.1367149079668399
2019-05-24,0.1412111844878458,-0.1412111844878458
2019-05-25,0.1471125474216663,-0.1471125474216663
2019-05-26,0.1538569622031755,-0.1538569622031755
2019-05-27,0.16144442883237306,-0.16144442883237306
2019-05-28,0.170717999156948,-0.170717999156948
2019-05-29,0.17296613741745112,-0.17296613741745112
2019-05-30,0.1752142756779542,-0.1752142756779542
2019-05-31,0.17577631024308002,-0.17577631024308002
2019-06-01,0.17661936209076853,-0.17661936209076853
2019-06-02,0.1771813966558943,-0.1771813966558943
2019-06-03,0.17802444850358287,-0.17802444850358287
2019-06-04,0.17043698187438514,-0.17043698187438514
2019-06-05,0.16481663622312778,-0.16481663622312778
2019-06-06,0.1631305325277503,-0.1631305325277503
2019-06-07,0.15975832513699603,-0.15975832513699603
2019-06-08,0.16622172263594212,-0.16622172263594212
2019-06-09,0.1718420682871997,-0.1718420682871997
2019-06-10,0.17324715470001403,-0.17324715470001403
2019-06-11,0.17802444850358287,-0.17802444850358287
2019-06-12,0.18476886328509187,-0.18476886328509187
2019-06-13,0.19263734719685252,-0.19263734719685252
2019-06-14,0.19966277926092443,-0.19966277926092443
2019-06-15,0.20500210762961932,-0.20500210762961932
2019-06-16,0.21230855697625392,-0.21230855697625392
2019-06-17,0.22045805817057748,-0.22045805817057748
2019-06-18,0.22832654208233813,-0.22832654208233813
2019-06-19,0.23563299142897273,-0.23563299142897273
2019-06-20,0.2426584234930446,-0.2426584234930446
2019-06-21,0.25108894196993115,-0.25108894196993115
2019-06-22,0.25895742588169157,-0.25895742588169157
2019-06-23,0.26710692707601513,-0.26710692707601513
2019-06-24,0.27441337642264996,-0.27441337642264996
2019-06-25,0.2825628776169735,-0.2825628776169735
2019-06-26,0.29352255163692575,-0.29352255163692575
2019-06-27,0.30363917380918926,-0.30363917380918926
2019-06-28,0.3056062947871294,-0.3056062947871294
2019-06-29,0.3089785021778839,-0.3089785021778839
2019-06-30,0.3151608823942671,-0.3151608823942671
2019-07-01,0.31937614163271055,-0.31937614163271055
2019-07-02,0.324715470001405,-0.324715470001405
2019-07-03,0.33398904032598,-0.33398904032598
2019-07-04,0.34326261065055497,-0.34326261065055497
2019-07-05,0.3497260081495013,-0.3497260081495013
2019-07-06,0.3561894056484476,-0.3561894056484476
2019-07-07,0.3609666994520164,-0.3609666994520164
2019-07-08,0.36574399325558504,-0.36574399325558504
2019-07-09,0.3736124771673457,-0.3736124771673457
2019-07-10,0.3795138401011662,-0.3795138401011662
2019-07-11,0.380075874666292,-0.380075874666292
2019-07-12,0.3693972179289027,-0.3693972179289027
2019-07-13,0.3705212870591541,-0.3705212870591541
2019-07-14,0.3710833216242799,-0.3710833216242799
2019-07-15,0.3573134747786988,-0.3573134747786988
2019-07-16,0.3474778698889982,-0.3474778698889982
2019-07-17,0.3345510748911058,-0.3345510748911058
2019-07-18,0.3278066601095968,-0.3278066601095968
2019-07-19,0.322186314458339,-0.322186314458339
2019-07-20,0.31347477869889007,-0.31347477869889007
2019-07-21,0.31347477869889007,-0.31347477869889007
2019-07-22,0.30785443304763227,-0.30785443304763227
2019-07-23,0.3047632429394407,-0.3047632429394407
2019-07-24,0.29352255163692575,-0.29352255163692575
2019-07-25,0.2912744133764227,-0.2912744133764227
2019-07-26,0.28087677392159605,-0.28087677392159605
2019-07-27,0.2760994801180272,-0.2760994801180272
2019-07-28,0.2634537024026977,-0.2634537024026977
2019-07-29,0.25136995925249406,-0.25136995925249406
2019-07-30,0.24012926794997888,-0.24012926794997888
2019-07-31,0.2316987494730924,-0.2316987494730924
2019-08-01,0.22860755936490082,-0.22860755936490082
2019-08-02,0.2274834902346494,-0.2274834902346494
2019-08-03,0.22832654208233813,-0.22832654208233813
2019-08-04,0.2342279050161584,-0.2342279050161584
2019-08-05,0.2404102852325418,-0.2404102852325418
2019-08-06,0.24771673457917662,-0.24771673457917662
2019-08-07,0.24855978642686513,-0.24855978642686513
2019-08-08,0.2538991147955598,-0.2538991147955598
2019-08-09,0.2564282703386258,-0.2564282703386258
2019-08-10,0.25895742588169157,-0.25895742588169157
2019-08-11,0.2538991147955598,-0.2538991147955598
2019-08-12,0.248840803709428,-0.248840803709428
2019-08-13,0.2426584234930446,-0.2426584234930446
2019-08-14,0.2297316284951522,-0.2297316284951522
2019-08-15,0.2139946606716314,-0.2139946606716314
2019-08-16,0.20500210762961932,-0.20500210762961932
2019-08-17,0.19123226078403818,-0.19123226078403818
2019-08-18,0.1752142756779542,-0.1752142756779542
2019-08-19,0.1622874806800618,-0.1622874806800618
2019-08-20,0.15217085850779807,-0.15217085850779807
2019-08-21,0.1333427005760854,-0.1333427005760854
2019-08-22,0.1128284389489953,-0.1128284389489953
2019-08-23,0.1004636785162287,-0.1004636785162287
2019-08-24,0.090347056343965,-0.090347056343965
2019-08-25,0.0813545033019529,-0.0813545033019529
2019-08-26,0.0740480539553181,-0.0740480539553181
2019-08-27,0.0628073626528031,-0.0628073626528031
2019-08-28,0.05128565406772509,-0.05128565406772509
2019-08-29,0.03779682450470709,-0.03779682450470709
2019-08-30,0.025151046789377407,-0.025151046789377407
2019-08-31,0.0125052690740481,-0.0125052690740481
2019-09-01,0.001264577771532896,-0.001264577771532896
2019-09-02,0.0,0.0
2019-09-03,0.0,0.0
2019-09-04,0.0,0.0
2019-09-05,0.0,0.0
2019-09-06,0.0,0.0
2019-09-07,0.0,0.0
2019-09-08,0.0,0.0
2019-09-09,0.0,0.0
2019-09-10,0.0,0.0
2019-09-11,0.0,0.0
2019-09-12,0.0,0.0
2019-09-13,0.0,0.0
2019-09-14,0.0,0.0
2019-09-15,0.0,0.0
2019-09-16,0.0,0.0
2019-09-17,0.0,0.0
2019-09-18,0.0,0.0
2019-09-19,0.0,0.0
2019-09-20,0.0,0.0
2019-09-21,0.0,0.0
2019-09-22,0.0,0.0
2019-09-23,0.0,0.0
2019-09-24,0.0,0.0
2019-09-25,0.0,0.0
2019-09-26,0.0,0.0
2019-09-27,0.0,0.0
2019-09-28,-0.0041590557819305984,0.0041590557819305984
2019-09-29,-0.01849093719263728,0.01849093719263728
2019-09-30,-0.034227905016158494,0.034227905016158494
2019-10-01,-0.04715470001405089,0.04715470001405089
2019-10-02,-0.058676408599128704,0.058676408599128704
2019-10-03,-0.0727272727272727,0.0727272727272727
2019-10-04,-0.09099339609385987,0.09099339609385987
2019-10-05,-0.10813545033019539,0.10813545033019539
2019-10-06,-0.11656596880708159,0.11656596880708159
2019-10-07,-0.1297737810875368,0.1297737810875368
2019-10-08,-0.14073345510748908,0.14073345510748908
2019-10-09,-0.14860193901924967,0.14860193901924967
2019-10-10,-0.15478431923563304,0.15478431923563304
2019-10-11,-0.16602501053814797,0.16602501053814797
2019-10-12,-0.17670366727553752,0.17670366727553752
2019-10-13,-0.18485316846986075,0.18485316846986075
2019-10-14,-0.19468877335956156,0.19468877335956156
2019-10-15,-0.20255725727132232,0.20255725727132232
2019-10-16,-0.21211184487846,0.21211184487846
2019-10-17,-0.2244766053112268,0.2244766053112268
2019-10-18,-0.23656034846143034,0.23656034846143034
2019-10-19,-0.24246171139525072,0.24246171139525072
2019-10-20,-0.2413376422649993,0.2413376422649993
2019-10-21,-0.24920612617675983,0.24920612617675983
2019-10-22,-0.25538850639314314,0.25538850639314314
2019-10-23,-0.2506112125895744,0.2506112125895744
2019-10-24,-0.25454545454545474,0.25454545454545474
2019-10-25,-0.25314036813264007,0.25314036813264007
2019-10-26,-0.24948714345932263,0.24948714345932263
2019-10-27,-0.24723900519881956,0.24723900519881956
2019-10-28,-0.24218069411268792,0.24218069411268792
2019-10-29,-0.23880848672193342,0.23880848672193342
2019-10-30,-0.23571729661374183,0.23571729661374183
2019-10-31,-0.23290712378811304,0.23290712378811304
2019-11-01,-0.2247576225937896,0.2247576225937896
2019-11-02,-0.2222284670507236,0.2222284670507236
2019-11-03,-0.21323591400871153,0.21323591400871153
2019-11-04,-0.21267387944358582,0.21267387944358582
2019-11-05,-0.20199522270619627,0.20199522270619627
2019-11-06,-0.1924406350990587,0.1924406350990587
2019-11-07,-0.18344808205704663,0.18344808205704663
2019-11-08,-0.18035689194885493,0.18035689194885493
2019-11-09,-0.1856962203175496,0.1856962203175496
2019-11-10,-0.19187860053393277,0.19187860053393277
2019-11-11,-0.19777996346775314,0.19777996346775314
2019-11-12,-0.20424336096669934,0.20424336096669934
2019-11-13,-0.2115498103133344,0.2115498103133344
2019-11-14,-0.2185752423774063,0.2185752423774063
2019-11-15,-0.22054236335534635,0.22054236335534635
2019-11-16,-0.22616270900660393,0.22616270900660393
2019-11-17,-0.23234508922298722,0.23234508922298722
2019-11-18,-0.2382464521568076,0.2382464521568076
2019-11-19,-0.24189967683012512,0.24189967683012512
2019-11-20,-0.24639595335113104,0.24639595335113104
2019-11-21,-0.2506112125895744,0.2506112125895744
2019-11-22,-0.2480820570465084,0.2480820570465084
2019-11-23,-0.2452718842208795,0.2452718842208795
2019-11-24,-0.2480820570465084,0.2480820570465084
2019-11-25,-0.24892510889419703,0.24892510889419703
2019-11-26,-0.24695798791625675,0.24695798791625675
2019-11-27,-0.24976816074188554,0.24976816074188554
2019-11-28,-0.25173528171982584,0.25173528171982584
2019-11-29,-0.24611493606856824,0.24611493606856824
2019-11-30,-0.23684136574399325,0.23684136574399325
2019-12-01,-0.23908950400449633,0.23908950400449633
2019-12-02,-0.24218069411268792,0.24218069411268792
2019-12-03,-0.24358578052550237,0.24358578052550237
2019-12-04,-0.2483630743290712,0.2483630743290712
2019-12-05,-0.2508922298721372,0.2508922298721372
2019-12-06,-0.25173528171982584,0.25173528171982584
2019-12-07,-0.2483630743290712,0.2483630743290712
2019-12-08,-0.24723900519881956,0.24723900519881956
2019-12-09,-0.24386679780806517,0.24386679780806517
2019-12-10,-0.24330476324293934,0.24330476324293934
2019-12-11,-0.24555290150344253,0.24555290150344253
2019-12-12,-0.2506112125895744,0.2506112125895744
2019-12-13,-0.25651257552339457,0.25651257552339457
2019-12-14,-0.2604468174792749,0.2604468174792749
2019-12-15,-0.2666291976956583,0.2666291976956583
2019-12-16,-0.27084445693410153,0.27084445693410153
2019-12-17,-0.2764648025853589,0.2764648025853589
2019-12-18,-0.28377125193199393,0.28377125193199393
2019-12-19,-0.2893915975832513,0.2893915975832513
2019-12-20,-0.2936068568216945,0.2936068568216945
2019-12-21,-0.29810313334270067,0.29810313334270067
2019-12-22,-0.3031614444288324,0.3031614444288324
2019-12-23,-0.3048475481242098,0.3048475481242098
2019-12-24,-0.3085007727975271,0.3085007727975271
2019-12-25,-0.3129970493185332,0.3129970493185332
2019-12-26,-0.31355908388365883,0.31355908388365883
2019-12-27,-0.31355908388365883,0.31355908388365883
2019-12-28,-0.3118729801882817,0.3118729801882817
2019-12-29,-0.3129970493185332,0.3129970493185332
2019-12-30,-0.3121539974708445,0.3121539974708445
2019-12-31,-0.3118729801882817,0.3118729801882817
2020-01-01,-0.3129970493185332,0.3129970493185332
2020-01-02,-0.3129970493185332,0.3129970493185332
2020-01-03,-0.3065336518195869,0.3065336518195869
2020-01-04,-0.299227202472952,0.299227202472952
2020-01-05,-0.29501194323450897,0.29501194323450897
2020-01-06,-0.29248278769144287,0.29248278769144287
2020-01-07,-0.2905156667135028,0.2905156667135028
2020-01-08,-0.28377125193199393,0.28377125193199393
2020-01-09,-0.28208514823661657,0.28208514823661657
2020-01-10,-0.28152311367149074,0.28152311367149074
2020-01-11,-0.27786988899817344,0.27786988899817344
2020-01-12,-0.2736546297597303,0.2736546297597303
2020-01-13,-0.26859631867359857,0.26859631867359857
2020-01-14,-0.26185190389208945,0.26185190389208945
2020-01-15,-0.2542644372628917,0.2542644372628917
2020-01-16,-0.24976816074188554,0.24976816074188554
2020-01-17,-0.2449908669383167,0.2449908669383167
2020-01-18,-0.24218069411268792,0.24218069411268792
2020-01-19,-0.2382464521568076,0.2382464521568076
2020-01-20,-0.2354362793311788,0.2354362793311788
2020-01-21,-0.23234508922298722,0.23234508922298722
2020-01-22,-0.2281298299845441,0.2281298299845441
2020-01-23,-0.2253196571589152,0.2253196571589152
2020-01-24,-0.2253196571589152,0.2253196571589152
2020-01-25,-0.2250386398763524,0.2250386398763524
2020-01-26,-0.2244766053112268,0.2244766053112268
2020-01-27,-0.2219474497681608,0.2219474497681608
2020-01-28,-0.21717015596459174,0.21717015596459174
2020-01-29,-0.2115498103133344,0.2115498103133344
2020-01-30,-0.20649149922720253,0.20649149922720253
2020-01-31,-0.20030911901081913,0.20030911901081913
2020-02-01,-0.18991147955599272,0.18991147955599272
2020-02-02,-0.18063790923141784,0.18063790923141784
2020-02-03,-0.17895180553604037,0.17895180553604037
2020-02-04,-0.17726570184066334,0.17726570184066334
2020-02-05,-0.17698468455810032,0.17698468455810032
2020-02-06,-0.17501756358016005,0.17501756358016005
2020-02-07,-0.17417451173247153,0.17417451173247153
2020-02-08,-0.1724884080370944,0.1724884080370944
2020-02-09,-0.17052128705915423,0.17052128705915423
2020-02-10,-0.16883518336377676,0.16883518336377676
2020-02-11,-0.1699592524940284,0.1699592524940284
2020-02-12,-0.1665870451032739,0.1665870451032739
2020-02-13,-0.16349585499508232,0.16349585499508232
2020-02-14,-0.16068568216945342,0.16068568216945342
2020-02-15,-0.15787550934382463,0.15787550934382463
2020-02-16,-0.15309821554025557,0.15309821554025557
2020-02-17,-0.15000702543206387,0.15000702543206387
2020-02-18,-0.1460727834761837,0.1460727834761837
2020-02-19,-0.14326261065055507,0.14326261065055507
2020-02-20,-0.14185752423774056,0.14185752423774056
2020-02-21,-0.14017142054236348,0.14017142054236348
2020-02-22,-0.1396093859772376,0.1396093859772376
2020-02-23,-0.13736124771673458,0.13736124771673458
2020-02-24,-0.13595616130392008,0.13595616130392008
2020-02-25,-0.134270057608543,0.134270057608543
2020-02-26,-0.13342700576085437,0.13342700576085437
2020-02-27,-0.1314598847829142,0.1314598847829142
2020-02-28,-0.12921174652241119,0.12921174652241119
2020-02-29,-0.126963608261908,0.126963608261908
2020-03-01,-0.1216242798932134,0.1216242798932134
2020-03-02,-0.11740902065477027,0.11740902065477027
2020-03-03,-0.11263172685120126,0.11263172685120126
2020-03-04,-0.10616832935225518,0.10616832935225518
2020-03-05,-0.1005479837009976,0.1005479837009976
2020-03-06,-0.095208655332303,0.095208655332303
2020-03-07,-0.09352255163692558,0.09352255163692558
2020-03-08,-0.09296051707179998,0.09296051707179998
2020-03-09,-0.0988618800056203,0.0988618800056203
2020-03-10,-0.10139103554868628,0.10139103554868628
2020-03-11,-0.10448222565687787,0.10448222565687787
2020-03-12,-0.1084164676127582,0.1084164676127582
2020-03-13,-0.11235070956863846,0.11235070956863846
2020-03-14,-0.11600393424195576,0.11600393424195576
2020-03-15,-0.12078122804552477,0.12078122804552477
2020-03-16,-0.12724462554447108,0.12724462554447108
2020-03-17,-0.13286497119572838,0.13286497119572838
2020-03-18,-0.13876633412954886,0.13876633412954886
2020-03-19,-0.1427005760854292,0.1427005760854292
2020-03-20,-0.14579176619362078,0.14579176619362078
2020-03-21,-0.1497260081495011,0.1497260081495011
2020-03-22,-0.15281719825769277,0.15281719825769277
2020-03-23,-0.15759449206126183,0.15759449206126183
2020-03-24,-0.1601236476043276,0.1601236476043276
2020-03-25,-0.1632148377125194,0.1632148377125194
2020-03-26,-0.16574399325558517,0.16574399325558517
2020-03-27,-0.1665870451032739,0.1665870451032739
2020-03-28,-0.17024026977659143,0.17024026977659143
2020-03-29,-0.17333145988478302,0.17333145988478302
2020-03-30,-0.17698468455810032,0.17698468455810032
2020-03-31,-0.17923282281860317,0.17923282281860317
2020-04-01,-0.18513418575242366,0.18513418575242366
2020-04-02,-0.18822537586061525,0.18822537586061525
2020-04-03,-0.19047351412111854,0.19047351412111854
2020-04-04,-0.19806098075031606,0.19806098075031606
2020-04-05,-0.2053674300969511,0.2053674300969511
2020-04-06,-0.21239286216102302,0.21239286216102302
2020-04-07,-0.21717015596459174,0.21717015596459174
2020-04-08,-0.22250948433328663,0.22250948433328663
2020-04-09,-0.22700576085429244,0.22700576085429244
2020-04-10,-0.23318814107067584,0.23318814107067584
2020-04-11,-0.23993255585218484,0.23993255585218484
2020-04-12,-0.2478010397639456,0.2478010397639456
2020-04-13,-0.25538850639314314,0.25538850639314314
2020-04-14,-0.26213292117465226,0.26213292117465226
2020-04-15,-0.26859631867359857,0.26859631867359857
2020-04-16,-0.2761837853027961,0.2761837853027961
2020-04-17,-0.2863004074750596,0.2863004074750596
2020-04-18,-0.2936068568216945,0.2936068568216945
2020-04-19,-0.30063228888576643,0.30063228888576643
2020-04-20,-0.31046789377546724,0.31046789377546724
2020-04-21,-0.3183363776872278,0.3183363776872278
2020-04-22,-0.32676689616411403,0.32676689616411403
2020-04-23,-0.33716453561894066,0.33716453561894066
2020-04-24,-0.34671912322607845,0.34671912322607845
2020-04-25,-0.3554306589855276,0.3554306589855276
2020-04-26,-0.3647042293101026,0.3647042293101026
2020-04-27,-0.3711676268090487,0.3711676268090487
2020-04-28,-0.37875509343824654,0.37875509343824654
2020-04-29,-0.3849374736546298,0.3849374736546298
2020-04-30,-0.38634256006744416,0.38634256006744416
2020-05-01,-0.38971476745819866,0.38971476745819866
2020-05-02,-0.39224392300126465,0.39224392300126465
2020-05-03,-0.3908388365884503,0.3908388365884503
2020-05-04,-0.3899957847407616,0.3899957847407616
2020-05-05,-0.3905578193058874,0.3905578193058874
2020-05-06,-0.3928059575663905,0.3928059575663905
2020-05-07,-0.3942110439792048,0.3942110439792048
2020-05-08,-0.3947730785443304,0.3947730785443304
2020-05-09,-0.3950540958268933,0.3950540958268933
2020-05-10,-0.3970212168048335,0.3970212168048335
2020-05-11,-0.40179851060840244,0.40179851060840244
2020-05-12,-0.4068568216945343,0.4068568216945343
2020-05-13,-0.41191513278066605,0.41191513278066605
2020-05-14,-0.4164114093016722,0.4164114093016722
2020-05-15,-0.41894056484473796,0.41894056484473796
2020-05-16,-0.42456091049599554,0.42456091049599554
2020-05-17,-0.4290571870170017,0.4290571870170017
2020-05-18,-0.4307432907123788,0.4307432907123788
2020-05-19,-0.4324293944077562,0.4324293944077562
2020-05-20,-0.4338344808205705,0.4338344808205705
2020-05-21,-0.43467753266825915,0.43467753266825915
2020-05-22,-0.4400168610369539,0.4400168610369539
2020-05-23,-0.44704229310102583,0.44704229310102583
2020-05-24,-0.4526626387522834,0.4526626387522834
2020-05-25,-0.4591260362512295,0.4591260362512295
2020-05-26,-0.46474638190248707,0.46474638190248707
2020-05-27,-0.46755655472811586,0.46755655472811586
2020-05-28,-0.47092876211887036,0.47092876211887036
2020-05-29,-0.47149079668399607,0.47149079668399607
2020-05-30,-0.47036672755374465,0.47036672755374465
2020-05-31,-0.4683996065758045,0.4683996065758045
2020-06-01,-0.4664324855978643,0.4664324855978643
2020-06-02,-0.46362231277223565,0.46362231277223565
2020-06-03,-0.4630602782071098,0.4630602782071098
2020-06-04,-0.46025010538148103,0.46025010538148103
2020-06-05,-0.4568778979907264,0.4568778979907264
2020-06-06,-0.4526626387522834,0.4526626387522834
2020-06-07,-0.4487283967964031,0.4487283967964031
2020-06-08,-0.44451313755795985,0.44451313755795985
2020-06-09,-0.44085991288464244,0.44085991288464244
2020-06-10,-0.4363636363636364,0.4363636363636364
2020-06-11,-0.4324293944077562,0.4324293944077562
2020-06-12,-0.4329914289728819,0.4329914289728819
2020-06-13,-0.4338344808205705,0.4338344808205705
2020-06-14,-0.4335534635380076,0.4335534635380076
2020-06-15,-0.4338344808205705,0.4338344808205705
2020-06-16,-0.4321483771251933,0.4321483771251933
2020-06-17,-0.4262470141913728,0.4262470141913728
2020-06-18,-0.4195025994098638,0.4195025994098638
2020-06-19,-0.4133202191934804,0.4133202191934804
2020-06-20,-0.4065758044119714,0.4065758044119714
2020-06-21,-0.39898833778277365,0.39898833778277365
2020-06-22,-0.3905578193058874,0.3905578193058874
2020-06-23,-0.38240831811156395,0.38240831811156395
2020-06-24,-0.370886609526486,0.370886609526486
2020-06-25,-0.3610510046367853,0.3610510046367853
2020-06-26,-0.35290150344246185,0.35290150344246185
2020-06-27,-0.3441899676830126,0.3441899676830126
2020-06-28,-0.3354784319235633,0.3354784319235633
2020-06-29,-0.32648587888155123,0.32648587888155123
2020-06-30,-0.31721230855697624,0.31721230855697624
2020-07-01,-0.30821975551496417,0.30821975551496417
2020-07-02,-0.299789237038078,0.299789237038078
2020-07-03,-0.29192075312631727,0.29192075312631727
2020-07-04,-0.28461430377968244,0.28461430377968244
2020-07-05,-0.2773078544330476,0.2773078544330476
2020-07-06,-0.26831530139103554,0.26831530139103554
2020-07-07,-0.2596037656315864,0.2596037656315864
2020-07-08,-0.2500491780244485,0.2500491780244485
2020-07-09,-0.24105662498243627,0.24105662498243627
2020-07-10,-0.23290712378811304,0.23290712378811304
2020-07-11,-0.2244766053112268,0.2244766053112268
2020-07-12,-0.21688913868202894,0.21688913868202894
2020-07-13,-0.20817760292257956,0.20817760292257956
2020-07-14,-0.19946606716313062,0.19946606716313062
2020-07-15,-0.19047351412111854,0.19047351412111854
2020-07-16,-0.18401011662217223,0.18401011662217223
2020-07-17,-0.17838977097091466,0.17838977097091466
2020-07-18,-0.17220739075453126,0.17220739075453126
2020-07-19,-0.16490094140789643,0.16490094140789643
2020-07-20,-0.1567514402135731,0.1567514402135731
2020-07-21,-0.1471968526064354,0.1471968526064354
2020-07-22,-0.1362371785864831,0.1362371785864831
2020-07-23,-0.1249964872839679,0.1249964872839679
2020-07-24,-0.1151608823942673,0.1151608823942673
2020-07-25,-0.10335815652662639,0.10335815652662639
2020-07-26,-0.0921174652241114,0.0921174652241114
2020-07-27,-0.08087677392159598,0.08087677392159598
2020-07-28,-0.06401573696782359,0.06401573696782359
2020-07-29,-0.04827876914430229,0.04827876914430229
2020-07-30,-0.03169874947309248,0.03169874947309248
2020-07-31,-0.015961781649571377,0.015961781649571377
2020-08-01,-0.00022481382605019085,0.00022481382605019085
2020-08-02,0.0,0.0
2020-08-03,0.0,0.0
2020-08-04,0.0,0.0
2020-08-05,0.0,0.0
2020-08-06,0.0,0.0
2020-08-07,0.0,0.0
2020-08-08,0.0,0.0
2020-08-09,0.0,0.0
2020-08-10,0.0,0.0
2020-08-11,0.0,0.0
2020-08-12,0.0,0.0
2020-08-13,0.0,0.0
2020-08-14,0.0,0.0
2020-08-15,0.0,0.0
2020-08-16,0.0,0.0
2020-08-17,0.0,0.0
2020-08-18,0.0,0.0
2020-08-19,0.0026696641843473035,-0.0026696641843473035
2020-08-20,0.012786286356610804,-0.012786286356610804
2020-08-21,0.024026977659125898,-0.024026977659125898
2020-08-22,0.034705634396515306,-0.034705634396515306
2020-08-23,0.0436981874385273,-0.0436981874385273
2020-08-24,0.05409582689335371,-0.05409582689335371
2020-08-25,0.0639314317830546,-0.0639314317830546
2020-08-26,0.0712378811296894,-0.0712378811296894
2020-08-27,0.07826331319376131,-0.07826331319376131
2020-08-28,0.08444569341014471,-0.08444569341014471
2020-08-29,0.09287621188703091,-0.09287621188703091
2020-08-30,0.1021497822116059,-0.1021497822116059
2020-08-31,0.1119853871013067,-0.1119853871013067
2020-09-01,0.12097794014331878,-0.12097794014331878
2020-09-02,0.1327806660109596,-0.1327806660109596
2020-09-03,0.1440213573134747,-0.1440213573134747
2020-09-04,0.1443023745960376,-0.1443023745960376
2020-09-05,0.1443023745960376,-0.1443023745960376
2020-09-06,0.1423352536180975,-0.1423352536180975
2020-09-07,0.1403681326401573,-0.1403681326401573
2020-09-08,0.1375579598145284,-0.1375579598145284
2020-09-09,0.1341857524237739,-0.1341857524237739
2020-09-10,0.1291274413376422,-0.1291274413376422
2020-09-11,0.127160320359702,-0.127160320359702
2020-09-12,0.1235070956863846,-0.1235070956863846
2020-09-13,0.11929183644794131,-0.11929183644794131
2020-09-14,0.11507657720949829,-0.11507657720949829
2020-09-15,0.11310945623155819,-0.11310945623155819
2020-09-16,0.11029928340592929,-0.11029928340592929
2020-09-17,0.1091752142756778,-0.1091752142756778
2020-09-18,0.1077701278628635,-0.1077701278628635
2020-09-19,0.1066460587326121,-0.1066460587326121
2020-09-20,0.1105803006884924,-0.1105803006884924
2020-09-21,0.1133904735141211,-0.1133904735141211
2020-09-22,0.11310945623155819,-0.11310945623155819
2020-09-23,0.11479555992693538,-0.11479555992693538
2020-09-24,0.11479555992693538,-0.11479555992693538
2020-09-25,0.11704369818743851,-0.11704369818743851
2020-09-26,0.1184487846002528,-0.1184487846002528
2020-09-27,0.1206969228607559,-0.1206969228607559
2020-09-28,0.1221020092735702,-0.1221020092735702
2020-09-29,0.12435014753407328,-0.12435014753407328
2020-09-30,0.1274413376422649,-0.1274413376422649
2020-10-01,0.1285654067725163,-0.1285654067725163
2020-10-02,0.1260362512294506,-0.1260362512294506
2020-10-03,0.1251931993817618,-0.1251931993817618
2020-10-04,0.1257552339468877,-0.1257552339468877
2020-10-05,0.1254742166643248,-0.1254742166643248
2020-10-06,0.1274413376422649,-0.1274413376422649
2020-10-07,0.1280033722073907,-0.1280033722073907
2020-10-08,0.1285654067725163,-0.1285654067725163
2020-10-09,0.1302515104678936,-0.1302515104678936
2020-10-10,0.1333427005760854,-0.1333427005760854
2020-10-11,0.1372769425319657,-0.1372769425319657
2020-10-12,0.1406491499227202,-0.1406491499227202
2020-10-13,0.145707461008852,-0.145707461008852
2020-10-14,0.1493606856821694,-0.1493606856821694
2020-10-15,0.1530139103554868,-0.1530139103554868
2020-10-16,0.15526204861598988,-0.15526204861598988
2020-10-17,0.15863425600674416,-0.15863425600674416
2020-10-18,0.1625684979626245,-0.1625684979626245
2020-10-19,0.1656596880708163,-0.1656596880708163
2020-10-20,0.16987494730925953,-0.16987494730925953
2020-10-21,0.17493325839539128,-0.17493325839539128
2020-10-22,0.18336377687227753,-0.18336377687227753
2020-10-23,0.19179429534916378,-0.19179429534916378
2020-10-24,0.2002248138260502,-0.2002248138260502
2020-10-25,0.21006041871575107,-0.21006041871575107
2020-10-26,0.2187719544752,-0.2187719544752
2020-10-27,0.2243923001264578,-0.2243923001264578
2020-10-28,0.2316987494730924,-0.2316987494730924
2020-10-29,0.23816214697203872,-0.23816214697203872
2020-10-30,0.24490656175354772,-0.24490656175354772
2020-10-31,0.24996487283967947,-0.24996487283967947
2020-11-01,0.2553042012083744,-0.2553042012083744
2020-11-02,0.2598004777293803,-0.2598004777293803
2020-11-03,0.26429675425038646,-0.26429675425038646
2020-11-04,0.2687930307713924,-0.2687930307713924
2020-11-05,0.26766896164114096,-0.26766896164114096
2020-11-06,0.2730082900098354,-0.2730082900098354
2020-11-07,0.2763804974005901,-0.2763804974005901
2020-11-08,0.2783476183785303,-0.2783476183785303
2020-11-09,0.2825628776169735,-0.2825628776169735
2020-11-10,0.2853730504426022,-0.2853730504426022
2020-11-11,0.2884642405507938,-0.2884642405507938
2020-11-12,0.292679499789237,-0.292679499789237
2020-11-13,0.29661374174511734,-0.29661374174511734
2020-11-14,0.29970493185330893,-0.29970493185330893
2020-11-15,0.3022340873963749,-0.3022340873963749
2020-11-16,0.30588731206969233,-0.30588731206969233
2020-11-17,0.30785443304763227,-0.30785443304763227
2020-11-18,0.3115076577209499,-0.3115076577209499
2020-11-19,0.3143178305465786,-0.3143178305465786
2020-11-20,0.3174090206547704,-0.3174090206547704
2020-11-21,0.3219052971757763,-0.3219052971757763
2020-11-22,0.32640157369678247,-0.32640157369678247
2020-11-23,0.32949276380497405,-0.32949276380497405
2020-11-24,0.3311788675003511,-0.3311788675003511
2020-11-25,0.3342700576085429,-0.3342700576085429
2020-11-26,0.3373612477167347,-0.3373612477167347
2020-11-27,0.33904735141211195,-0.33904735141211195
2020-11-28,0.34241955880286623,-0.34241955880286623
2020-11-29,0.3446676970633693,-0.3446676970633693
2020-11-30,0.3474778698889982,-0.3474778698889982
2020-12-01,0.35281719825769287,-0.35281719825769287
2020-12-02,0.3567514402135732,-0.3567514402135732
2020-12-03,0.36152873401714203,-0.36152873401714203
2020-12-04,0.36602501053814795,-0.36602501053814795
2020-12-05,0.3710833216242799,-0.3710833216242799
2020-12-06,0.3769846845581002,-0.3769846845581002
2020-12-07,0.38119994379654365,-0.38119994379654365
2020-12-08,0.3868202894478008,-0.3868202894478008
2020-12-09,0.3899114795559926,-0.3899114795559926
2020-12-10,0.3952508079246875,-0.3952508079246875
2020-12-11,0.3969369116200645,-0.3969369116200645
2020-12-12,0.4000281017282561,-0.4000281017282561
2020-12-13,0.41435998313896305,-0.41435998313896305
2020-12-14,0.4295349163973585,-0.4295349163973585
2020-12-15,0.44358578052550235,-0.44358578052550235
2020-12-16,0.45791766193620886,-0.45791766193620886
2020-12-17,0.4722495433469158,-0.4722495433469158
2020-12-18,0.4882675284529996,-0.4882675284529996
2020-12-19,0.5037234789939582,-0.5037234789939582
2020-12-20,0.5180553604046647,-0.5180553604046647
2020-12-21,0.5323872418153717,-0.5323872418153717
2020-12-22,0.5464381059435155,-0.5464381059435155
2020-12-23,0.5616130392019107,-0.5616130392019107
2020-12-24,0.572572713221863,-0.572572713221863
2020-12-25,0.5869045946325699,-0.5869045946325699
2020-12-26,0.5995503723478994,-0.5995503723478994
2020-12-27,0.6113530982155404,-0.6113530982155404
2020-12-28,0.6237178586483068,-0.6237178586483068
2020-12-29,0.6346775326682592,-0.6346775326682592
2020-12-30,0.6467612758184627,-0.6467612758184627
2020-12-31,0.662498243641984,-0.662498243641984
2021-01-01,0.6768301250526907,-0.6768301250526907
2021-01-02,0.6922860755936489,-0.6922860755936489
2021-01-03,0.7054938878741042,-0.7054938878741042
2021-01-04,0.7192637347196855,-0.7192637347196855
2021-01-05,0.7321905297175777,-0.7321905297175777
2021-01-06,0.7468034284108471,-0.7468034284108471
2021-01-07,0.7597302234087397,-0.7597302234087397
2021-01-08,0.7720949838415063,-0.7720949838415063
2021-01-09,0.7855838134045245,-0.7855838134045245
2021-01-10,0.8004777293803567,-0.8004777293803567
2021-01-11,0.8145285935085005,-0.8145285935085005
2021-01-12,0.8263313193761415,-0.8263313193761415
2021-01-13,0.836447941548405,-0.836447941548405
2021-01-14,0.8465645637206687,-0.8465645637206687
2021-01-15,0.8592103414359982,-0.8592103414359982
2021-01-16,0.8698889981733877,-0.8698889981733877
2021-01-17,0.8786005339328367,-0.8786005339328367
2021-01-18,0.8859069832794717,-0.8859069832794717
2021-01-19,0.8929324153435436,-0.8929324153435436
2021-01-20,0.9002388646901786,-0.9002388646901786
2021-01-21,0.9055781930588732,-0.9055781930588732
2021-01-22,0.901924968385556,-0.901924968385556
2021-01-23,0.9069832794716876,-0.9069832794716876
2021-01-24,0.9120415905578195,-0.9120415905578195
2021-01-25,0.9170999016439508,-0.9170999016439508
2021-01-26,0.9215961781649568,-0.9215961781649568
2021-01-27,0.9280595756639033,-0.9280595756639033
2021-01-28,0.9277785583813404,-0.9277785583813404
2021-01-29,0.9322748349023467,-0.9322748349023467
2021-01-30,0.9331178867500353,-0.9331178867500353
2021-01-31,0.9342419558802867,-0.9342419558802867
2021-02-01,0.9353660250105383,-0.9353660250105383
2021-02-02,0.9353660250105383,-0.9353660250105383
2021-02-03,0.9362090768582271,-0.9362090768582271
2021-02-04,0.9415484052269215,-0.9415484052269215
2021-02-05,0.9446395953351133,-0.9446395953351133
2021-02-06,0.9494168891386822,-0.9494168891386822
2021-02-07,0.9527890965294364,-0.9527890965294364
2021-02-08,0.9555992693550656,-0.9555992693550656
2021-02-09,0.9620626668540112,-0.9620626668540112
2021-02-10,0.9679640297878321,-0.9679640297878321
2021-02-11,0.9741464100042153,-0.9741464100042153
2021-02-12,0.9792047210903473,-0.9792047210903473
2021-02-13,0.9848250667416044,-0.9848250667416044
2021-02-14,0.9862301531544192,-0.9862301531544192
2021-02-15,0.9876352395672335,-0.9876352395672335
2021-02-16,0.991288464240551,-0.991288464240551
2021-02-17,0.9926935506533651,-0.9926935506533651
2021-02-18,0.992974567935928,-0.992974567935928
2021-02-19,0.9949416889138681,-0.9949416889138681
2021-02-20,0.9960657580441196,-0.9960657580441196
2021-02-21,0.9966277926092452,-0.9966277926092452
2021-02-22,0.9977518617394968,-0.9977518617394968
2021-02-23,1.0,-1.0
2021-02-24,0.9960657580441196,-0.9960657580441196
2021-02-25,0.9940986370661792,-0.9940986370661792
2021-02-26,0.9839820148939159,-0.9839820148939159
2021-02-27,0.9733033581565264,-0.9733033581565264
2021-02-28,0.9645918223970772,-0.9645918223970772
2021-03-01,0.9496979064212449,-0.9496979064212449
2021-03-02,0.9452016299002389,-0.9452016299002389
2021-03-03,0.941829422509484,-0.941829422509484
2021-03-04,0.9407053533792328,-0.9407053533792328
2021-03-05,0.9359280595756639,-0.9359280595756639
2021-03-06,0.931431783054658,-0.931431783054658
2021-03-07,0.9286216102290291,-0.9286216102290291
2021-03-08,0.9269355065336516,-0.9269355065336516
2021-03-09,0.9246873682731488,-0.9246873682731488
2021-03-10,0.9190670226218912,-0.9190670226218912
2021-03-11,0.9128846424055076,-0.9128846424055076
2021-03-12,0.9067022621891244,-0.9067022621891244
2021-03-13,0.9016439511029929,-0.9016439511029929
2021-03-14,0.8977097091471125,-0.8977097091471125
2021-03-15,0.8929324153435436,-0.8929324153435436
2021-03-16,0.8861880005620346,-0.8861880005620346
2021-03-17,0.8797246030630883,-0.8797246030630883
2021-03-18,0.873261205564142,-0.873261205564142
2021-03-19,0.8690459463256992,-0.8690459463256992
2021-03-20,0.8637066179570041,-0.8637066179570041
2021-03-21,0.8592103414359982,-0.8592103414359982
2021-03-22,0.8535899957847406,-0.8535899957847406
2021-03-23,0.8465645637206687,-0.8465645637206687
2021-03-24,0.8381340452437824,-0.8381340452437824
2021-03-25,0.829422509484333,-0.829422509484333
2021-03-26,0.818743852746944,-0.818743852746944
2021-03-27,0.8111563861177462,-0.8111563861177462
2021-03-28,0.8052550231839257,-0.8052550231839257
2021-03-29,0.7993536602501055,-0.7993536602501055
2021-03-30,0.7937333145988477,-0.7937333145988477
2021-03-31,0.7892370380778417,-0.7892370380778417
2021-04-01,0.7853027961219614,-0.7853027961219614
2021-04-02,0.779963467753267,-0.779963467753267
2021-04-03,0.7763102430799491,-0.7763102430799491
2021-04-04,0.770689897428692,-0.770689897428692
2021-04-05,0.7645075172123086,-0.7645075172123086
2021-04-06,0.7600112406913024,-0.7600112406913024
2021-04-07,0.7543908950400451,-0.7543908950400451
2021-04-08,0.7493325839539131,-0.7493325839539131
2021-04-09,0.7434312210200928,-0.7434312210200928
2021-04-10,0.7364057889560209,-0.7364057889560209
2021-04-11,0.731347477869889,-0.731347477869889
2021-04-12,0.7257271322186314,-0.7257271322186314
2021-04-13,0.7203878038499367,-0.7203878038499367
2021-04-14,0.7150484754812421,-0.7150484754812421
2021-04-15,0.7111142335253617,-0.7111142335253617
2021-04-16,0.7063369397217929,-0.7063369397217929
2021-04-17,0.7021216804833494,-0.7021216804833494
2021-04-18,0.6981874385274696,-0.6981874385274696
2021-04-19,0.6928481101587747,-0.6928481101587747
2021-04-20,0.6869467472249544,-0.6869467472249544
2021-04-21,0.6821694534213854,-0.6821694534213854
2021-04-22,0.6768301250526907,-0.6768301250526907
2021-04-23,0.6703667275537444,-0.6703667275537444
2021-04-24,0.6574399325558522,-0.6574399325558522
2021-04-25,0.641421947449768,-0.641421947449768
2021-04-26,0.6254039623436842,-0.6254039623436842
2021-04-27,0.6172544611493607,-0.6172544611493607
2021-04-28,0.6116341154981029,-0.6116341154981029
2021-04-29,0.6037656315863422,-0.6037656315863422
2021-04-30,0.5961781649571447,-0.5961781649571447
2021-05-01,0.5942110439792048,-0.5942110439792048
2021-05-02,0.6015174933258394,-0.6015174933258394
2021-05-03,0.5978642686525222,-0.5978642686525222
2021-05-04,0.5973022340873964,-0.5973022340873964
2021-05-05,0.5899957847407615,-0.5899957847407615
2021-05-06,0.5883096810453841,-0.5883096810453841
2021-05-07,0.5843754390895037,-0.5843754390895037
2021-05-08,0.5877476464802585,-0.5877476464802585
2021-05-09,0.5866235773500068,-0.5866235773500068
2021-05-10,0.5854995082197556,-0.5854995082197556
2021-05-11,0.5807222144161865,-0.5807222144161865
2021-05-12,0.5781930588731206,-0.5781930588731206
2021-05-13,0.5655472811577911,-0.5655472811577911
2021-05-14,0.5509343824645214,-0.5509343824645214
2021-05-15,0.5360404664886889,-0.5360404664886889
2021-05-16,0.5188984122523534,-0.5188984122523534
2021-05-17,0.5028804271462697,-0.5028804271462697
2021-05-18,0.4846143037796824,-0.4846143037796824
2021-05-19,0.4677532668259099,-0.4677532668259099
2021-05-20,0.44414781509062795,-0.44414781509062795
2021-05-21,0.4236335534635378,-0.4236335534635378
2021-05-22,0.4008711535759448,-0.4008711535759448
2021-05-23,0.37895180553604013,-0.37895180553604013
2021-05-24,0.35590838836588445,-0.35590838836588445
2021-05-25,0.3353941267387943,-0.3353941267387943
2021-05-26,0.31544189967683023,-0.31544189967683023
2021-05-27,0.29633272446255443,-0.29633272446255443
2021-05-28,0.2755374455529014,-0.2755374455529014
2021-05-29,0.25502318392581125,-0.25502318392581125
2021-05-30,0.2316987494730924,-0.2316987494730924
2021-05-31,0.2111844878460025,-0.2111844878460025
2021-06-01,0.19123226078403818,-0.19123226078403818
2021-06-02,0.17128003372207387,-0.17128003372207387
2021-06-03,0.1516088239426722,-0.1516088239426722
2021-06-04,0.1378389770970916,-0.1378389770970916
2021-06-05,0.1223830265561332,-0.1223830265561332
2021-06-06,0.11170436981874379,-0.11170436981874379
2021-06-07,0.10018266123366579,-0.10018266123366579
2021-06-08,0.08837993536602481,-0.08837993536602481
2021-06-09,0.08163552058451598,-0.08163552058451598
2021-06-10,0.0656175354784318,-0.0656175354784318
2021-06-11,0.049599550372347784,-0.049599550372347784
2021-06-12,0.03386258254882671,-0.03386258254882671
2021-06-13,0.018687649290431305,-0.018687649290431305
2021-06-14,0.0049178024448501,-0.0049178024448501
2021-06-15,0.0,0.0
2021-06-16,0.0,0.0
2021-06-17,0.0,0.0
2021-06-18,0.0,0.0
2021-06-19,0.0,0.0
2021-06-20,0.0,0.0
2021-06-21,0.0,0.0
2021-06-22,0.0,0.0
2021-06-23,0.0,0.0
2021-06-24,0.0,0.0
2021-06-25,0.0,0.0
2021-06-26,0.0,0.0
2021-06-27,0.0,0.0
2021-06-28,0.0,0.0
2021-06-29,-0.007531263172685099,0.007531263172685099
2021-06-30,-0.019333989040325877,0.019333989040325877
2021-07-01,-0.030012645777715397,0.030012645777715397
2021-07-02,-0.04237740621048189,0.04237740621048189
2021-07-03,-0.05249402838274547,0.05249402838274547
2021-07-04,-0.060081495011943264,0.060081495011943264
2021-07-05,-0.07019811718420677,0.07019811718420677
2021-07-06,-0.08537305044260218,0.08537305044260218
2021-07-07,-0.0977378108753687,0.0977378108753687
2021-07-08,-0.11235070956863846,0.11235070956863846
2021-07-09,-0.1280876773921597,0.1280876773921597
2021-07-10,-0.14326261065055507,0.14326261065055507
2021-07-11,-0.15843754390895035,0.15843754390895035
2021-07-12,-0.17192637347196846,0.17192637347196846
2021-07-13,-0.18710130673036393,0.18710130673036393
2021-07-14,-0.20115217085850765,0.20115217085850765
2021-07-15,-0.21660812139946614,0.21660812139946614
2021-07-16,-0.23065898552760997,0.23065898552760997
2021-07-17,-0.24695798791625675,0.24695798791625675
2021-07-18,-0.26128986932696363,0.26128986932696363
2021-07-19,-0.27421666432485603,0.27421666432485603
2021-07-20,-0.29023464943094,0.29023464943094
2021-07-21,-0.30821975551496417,0.30821975551496417
2021-07-22,-0.32311367149079673,0.32311367149079673
2021-07-23,-0.3377265701840664,0.3377265701840664
2021-07-24,-0.35374455529015036,0.35374455529015036
2021-07-25,-0.3680764367008571,0.3680764367008571
2021-07-26,-0.38212730082900104,0.38212730082900104
2021-07-27,-0.39533511310945635,0.39533511310945635
2021-07-28,-0.40207952789096535,0.40207952789096535
2021-07-29,-0.40854292538991155,0.40854292538991155
2021-07-30,-0.4141632710411691,0.4141632710411691
2021-07-31,-0.41556835745398346,0.41556835745398346
2021-08-01,-0.4141632710411691,0.4141632710411691
2021-08-02,-0.4110720809329774,0.4110720809329774
2021-08-03,-0.4062947871294085,0.4062947871294085
2021-08-04,-0.40207952789096535,0.40207952789096535
2021-08-05,-0.40207952789096535,0.40207952789096535
2021-08-06,-0.4040466488689055,0.4040466488689055
2021-08-07,-0.39926935506533656,0.39926935506533656
2021-08-08,-0.3928059575663905,0.3928059575663905
2021-08-09,-0.393649009414079,0.393649009414079
2021-08-10,-0.39224392300126465,0.39224392300126465
2021-08-11,-0.38971476745819866,0.38971476745819866
2021-08-12,-0.38915273289307295,0.38915273289307295
2021-08-13,-0.38297035267668966,0.38297035267668966
2021-08-14,-0.3798791625684981,0.3798791625684981
2021-08-15,-0.3779120415905579,0.3779120415905579
2021-08-16,-0.37650695517774346,0.37650695517774346
2021-08-17,-0.3767879724603064,0.3767879724603064
2021-08-18,-0.37650695517774346,0.37650695517774346
2021-08-19,-0.3739777996346776,0.3739777996346776
2021-08-20,-0.37341576506955176,0.37341576506955176
2021-08-21,-0.3602079527890967,0.3602079527890967
2021-08-22,-0.34615708866095274,0.34615708866095274
2021-08-23,-0.331544189967683,0.331544189967683
2021-08-24,-0.3149641702964734,0.3149641702964734
2021-08-25,-0.302037375298581,0.302037375298581
2021-08-26,-0.28686244204018563,0.28686244204018563
2021-08-27,-0.2733736124771672,0.2733736124771672
2021-08-28,-0.25454545454545474,0.25454545454545474
2021-08-29,-0.23965153856962204,0.23965153856962204
2021-08-30,-0.22250948433328663,0.22250948433328663
2021-08-31,-0.2059294646620767,0.2059294646620767
2021-09-01,-0.18878741042574107,0.18878741042574107
2021-09-02,-0.17417451173247153,0.17417451173247153
2021-09-03,-0.159561613039202,0.159561613039202
2021-09-04,-0.14691583532387237,0.14691583532387237
2021-09-05,-0.13230293663060277,0.13230293663060277
2021-09-06,-0.1151608823942673,0.1151608823942673
2021-09-07,-0.0957706898974286,0.0957706898974286
2021-09-08,-0.0876211887031052,0.0876211887031052
2021-09-09,-0.08059575663903318,0.08059575663903318
2021-09-10,-0.07413235914008709,0.07413235914008709
2021-09-11,-0.07216523816214698,0.07216523816214698
2021-09-12,-0.07076015174933248,0.07076015174933248
2021-09-13,-0.06513980609807507,0.06513980609807507
2021-09-14,-0.06148658142475749,0.06148658142475749
2021-09-15,-0.05193199381761987,0.05193199381761987
2021-09-16,-0.04069130251510458,0.04069130251510458
2021-09-17,-0.031136714907966795,0.031136714907966795
2021-09-18,-0.022987213713643484,0.022987213713643484
2021-09-19,-0.013994660671631298,0.013994660671631298
2021-09-20,-0.007812280455248094,0.007812280455248094
2021-09-21,-0.006688211324996585,0.006688211324996585
2021-09-22,-0.008655332302936691,0.008655332302936691
2021-09-23,-0.01174652241112828,0.01174652241112828
2021-09-24,-0.01174652241112828,0.01174652241112828
2021-09-25,-0.011184487846002483,0.011184487846002483
2021-09-26,-0.010622453280876687,0.010622453280876687
2021-09-27,-0.00977940143318809,0.00977940143318809
2021-09-28,-0.008655332302936691,0.008655332302936691
2021-09-29,-0.008374315020373696,0.008374315020373696
2021-09-30,-0.005564142194744881,0.005564142194744881
2021-10-01,-0.0019109175214275798,0.0019109175214275798
2021-10-02,0.0,0.0
2021-10-03,0.0,0.0
2021-10-04,0.0,0.0
2021-10-05,0.0,0.0
2021-10-06,0.0,0.0
2021-10-07,0.0,0.0
2021-10-08,0.0,0.0
2021-10-09,0.0,0.0
2021-10-10,0.0,0.0
2021-10-11,0.0,0.0
2021-10-12,0.0,0.0
2021-10-13,0.0,0.0
2021-10-14,0.0,0.0
2021-10-15,0.0,0.0
2021-10-16,0.0,0.0
2021-10-17,0.0,0.0
2021-10-18,0.0133483209217366,-0.0133483209217366
2021-10-19,0.02880427146269479,-0.02880427146269479
2021-10-20,0.044822256568779,-0.044822256568779
2021-10-21,0.0628073626528031,-0.0628073626528031
2021-10-22,0.0779822959111984,-0.0779822959111984
2021-10-23,0.0931572291695939,-0.0931572291695939
2021-10-24,0.10748911058030061,-0.10748911058030061
2021-10-25,0.1235070956863846,-0.1235070956863846
2021-10-26,0.1395250807924686,-0.1395250807924686
2021-10-27,0.15329492763804972,-0.15329492763804972
2021-10-28,0.1665027399185048,-0.1665027399185048
2021-10-29,0.18336377687227753,-0.18336377687227753
2021-10-30,0.1979766755655474,-0.1979766755655474
2021-10-31,0.21230855697625392,-0.21230855697625392
2021-11-01,0.22692145566952357,-0.22692145566952357
2021-11-02,0.23984825066741597,-0.23984825066741597
2021-11-03,0.2538991147955598,-0.2538991147955598
2021-11-04,0.2654208233806379,-0.2654208233806379
2021-11-05,0.27188422087958397,-0.27188422087958397
2021-11-06,0.27778558381340446,-0.27778558381340446
2021-11-07,0.28340592946466203,-0.28340592946466203
2021-11-08,0.28762118870310527,-0.28762118870310527
2021-11-09,0.29436560348461427,-0.29436560348461427
2021-11-10,0.301953070113812,-0.301953070113812
2021-11-11,0.31010257130813534,-0.31010257130813534
2021-11-12,0.3190951243501474,-0.3190951243501474
2021-11-13,0.3252775045665308,-0.3252775045665308
2021-11-14,0.3314598847829142,-0.3314598847829142
2021-11-15,0.33230293663060273,-0.33230293663060273
2021-11-16,0.3314598847829142,-0.3314598847829142
2021-11-17,0.3278066601095968,-0.3278066601095968
2021-11-18,0.32302936630602774,-0.32302936630602774
2021-11-19,0.31291274413376424,-0.31291274413376424
2021-11-20,0.3053252775045665,-0.3053252775045665
2021-11-21,0.299423914570746,-0.299423914570746
2021-11-22,0.2921174652241112,-0.2921174652241112
2021-11-23,0.28143880848672187,-0.28143880848672187
2021-11-24,0.2730082900098354,-0.2730082900098354
2021-11-25,0.26176759870732047,-0.26176759870732047
2021-11-26,0.25446114936068565,-0.25446114936068565
2021-11-27,0.24069130251510448,-0.24069130251510448
2021-11-28,0.22860755936490082,-0.22860755936490082
2021-11-29,0.2159617816495715,-0.2159617816495715
2021-11-30,0.2058451594773076,-0.2058451594773076
2021-12-01,0.1931993817619783,-0.1931993817619783
2021-12-02,0.17999156948152303,-0.17999156948152303
2021-12-03,0.16818884361388228,-0.16818884361388228
2021-12-04,0.15413797948573824,-0.15413797948573824
2021-12-05,0.1392440635099057,-0.1392440635099057
2021-12-06,0.1218209919910073,-0.1218209919910073
2021-12-07,0.1086131797105522,-0.1086131797105522
2021-12-08,0.0959674019952225,-0.0959674019952225
2021-12-09,0.0836026415624562,-0.0836026415624562
2021-12-10,0.07039482928200089,-0.07039482928200089
2021-12-11,0.05409582689335371,-0.05409582689335371
2021-12-12,0.040888014612898704,-0.040888014612898704
2021-12-13,0.0285232541801321,-0.0285232541801321
2021-12-14,0.013910355486862397,-0.013910355486862397
2021-12-15,0.0,0.0
2021-12-16,0.0,0.0
2021-12-17,0.0,0.0
2021-12-18,0.0,0.0
2021-12-19,0.0,0.0
2021-12-20,0.0,0.0
2021-12-21,0.0,0.0
2021-12-22,0.0,0.0
2021-12-23,0.0,0.0
2021-12-24,0.0,0.0
2021-12-25,0.0,0.0
2021-12-26,0.0,0.0
2021-12-27,0.0,0.0
2021-12-28,0.0,0.0
2021-12-29,0.0,0.0
2021-12-30,0.0,0.0
2021-12-31,0.0,0.0
2022-01-01,0.0,0.0
2022-01-02,0.0,0.0
2022-01-03,0.0,0.0
2022-01-04,0.0,0.0
2022-01-05,0.0,0.0
2022-01-06,0.0,0.0
2022-01-07,0.0,0.0
2022-01-08,0.0,0.0
2022-01-09,0.0,0.0
2022-01-10,0.0,0.0
2022-01-11,0.0,0.0
2022-01-12,0.0,0.0
2022-01-13,0.0,0.0
2022-01-14,0.0,0.0
2022-01-15,0.0,0.0
2022-01-16,0.0,0.0
2022-01-17,0.0,0.0
2022-01-18,0.0,0.0
2022-01-19,0.0,0.0
2022-01-20,-0.0024729520865531818,0.0024729520865531818
2022-01-21,-0.016804833497260196,0.016804833497260196
2022-01-22,-0.032822818603344184,0.032822818603344184
2022-01-23,-0.049683855557116685,0.049683855557116685
2022-01-24,-0.0679499789237038,0.0679499789237038
2022-01-25,-0.08677813685541647,0.08677813685541647
2022-01-26,-0.1022340873963749,0.1022340873963749
2022-01-27,-0.11769003793733307,0.11769003793733307
2022-01-28,-0.13398904032597997,0.13398904032597997
2022-01-29,-0.15085007727975272,0.15085007727975272
2022-01-30,-0.16377687227764512,0.16377687227764512
2022-01-31,-0.17895180553604037,0.17895180553604037
2022-02-01,-0.19215961781649557,0.19215961781649557
2022-02-02,-0.20452437824926237,0.20452437824926237
2022-02-03,-0.22026134607278344,0.22026134607278344
2022-02-04,-0.235155262048616,0.235155262048616
2022-02-05,-0.24442883237319077,0.24442883237319077
2022-02-06,-0.2537024026977659,0.2537024026977659
2022-02-07,-0.26157088660952665,0.26157088660952665
2022-02-08,-0.26887733595616137,0.26887733595616137
2022-02-09,-0.27449768160741883,0.27449768160741883
2022-02-10,-0.28096107910636514,0.28096107910636514
2022-02-11,-0.28826752845299985,0.28826752845299985
2022-02-12,-0.2964170296473232,0.2964170296473232
2022-02-13,-0.30456653084164675,0.30456653084164675
2022-02-14,-0.31159196290571867,0.31159196290571867
2022-02-15,-0.3191794295349164,0.3191794295349164
2022-02-16,-0.3259238443164256,0.3259238443164256
2022-02-17,-0.3349163973584377,0.3349163973584377
2022-02-18,-0.3475621750737671,0.3475621750737671
2022-02-19,-0.36217507376703684,0.36217507376703684
2022-02-20,-0.3753828860474919,0.3753828860474919
2022-02-21,-0.38859069832794724,0.38859069832794724
2022-02-22,-0.4037656315863426,0.4037656315863426
2022-02-23,-0.4169734438667979,0.4169734438667979
2022-02-24,-0.430462273429816,0.430462273429816
2022-02-25,-0.43748770549388794,0.43748770549388794
2022-02-26,-0.4453561894056485,0.4453561894056485
2022-02-27,-0.44760432766615155,0.44760432766615155
2022-02-28,-0.45406772516509775,0.45406772516509775
2022-03-01,-0.4535056905999719,0.4535056905999719
2022-03-02,-0.4529436560348461,0.4529436560348461
2022-03-03,-0.45125755233946885,0.45125755233946885
2022-03-04,-0.45378670788253483,0.45378670788253483
2022-03-05,-0.4565968807081636,0.4565968807081636
2022-03-06,-0.46362231277223565,0.46362231277223565
2022-03-07,-0.4630602782071098,0.4630602782071098
2022-03-08,-0.46474638190248707,0.46474638190248707
2022-03-09,-0.46783757201067866,0.46783757201067866
2022-03-10,-0.47120977940143327,0.47120977940143327
2022-03-11,-0.4745819867921879,0.4745819867921879
2022-03-12,-0.47739215961781656,0.47739215961781656
2022-03-13,-0.48020233244344535,0.48020233244344535
2022-03-14,-0.48076436700857106,0.48076436700857106
2022-03-15,-0.47992131516088243,0.47992131516088243
2022-03-16,-0.47767317690037947,0.47767317690037947
2022-03-17,-0.47711114233525365,0.47711114233525365
2022-03-18,-0.47795419418294227,0.47795419418294227
2022-03-19,-0.4782352114655052,0.4782352114655052
2022-03-20,-0.47626809048756513,0.47626809048756513
2022-03-21,-0.4723338485316848,0.4723338485316848
2022-03-22,-0.4726148658142477,0.4726148658142477
2022-03-23,-0.471771813966559,0.471771813966559
2022-03-24,-0.4664324855978643,0.4664324855978643
2022-03-25,-0.46109315722916966,0.46109315722916966
2022-03-26,-0.45491077701278626,0.45491077701278626
2022-03-27,-0.44760432766615155,0.44760432766615155
2022-03-28,-0.43748770549388794,0.43748770549388794
2022-03-29,-0.4299002388646902,0.4299002388646902
2022-03-30,-0.42146972038780395,0.42146972038780395
2022-03-31,-0.41444428832373204,0.41444428832373204
2022-04-01,-0.4130392019109176,0.4130392019109176
2022-04-02,-0.4079808908247857,0.4079808908247857
2022-04-03,-0.4060137698468457,0.4060137698468457
2022-04-04,-0.40236054517352826,0.40236054517352826
2022-04-05,-0.3978642686525222,0.3978642686525222
2022-04-06,-0.39561613039201915,0.39561613039201915
2022-04-07,-0.3975832513699593,0.3975832513699593
2022-04-08,-0.3947730785443304,0.3947730785443304
2022-04-09,-0.39252494028382756,0.39252494028382756
2022-04-10,-0.3908388365884503,0.3908388365884503
2022-04-11,-0.3877476464802585,0.3877476464802585
2022-04-12,-0.3902768020233245,0.3902768020233245
2022-04-13,-0.391400871153576,0.391400871153576
2022-04-14,-0.3899957847407616,0.3899957847407616
2022-04-15,-0.3905578193058874,0.3905578193058874
2022-04-16,-0.38690459463257,0.38690459463257
2022-04-17,-0.3840944218069411,0.3840944218069411
2022-04-18,-0.3801601798510609,0.3801601798510609
2022-04-19,-0.37903611072080934,0.37903611072080934
2022-04-20,-0.3779120415905579,0.3779120415905579
2022-04-21,-0.37622593789518066,0.37622593789518066
2022-04-22,-0.375101868764929,0.375101868764929
2022-04-23,-0.3742588169172405,0.3742588169172405
2022-04-24,-0.37341576506955176,0.37341576506955176
2022-04-25,-0.37341576506955176,0.37341576506955176
2022-04-26,-0.3717296613741746,0.3717296613741746
2022-04-27,-0.3720106786567374,0.3720106786567374
2022-04-28,-0.3720106786567374,0.3720106786567374
2022-04-29,-0.37229169593930034,0.37229169593930034
2022-04-30,-0.37341576506955176,0.37341576506955176
2022-05-01,-0.37257271322186325,0.37257271322186325
2022-05-02,-0.36835745398342,0.36835745398342
2022-05-03,-0.36386117746241387,0.36386117746241387
2022-05-04,-0.361613039201911,0.361613039201911
2022-05-05,-0.3573977799634678,0.3573977799634678
2022-05-06,-0.3576787972460307,0.3576787972460307
2022-05-07,-0.35683574539834195,0.35683574539834195
2022-05-08,-0.3585218490937193,0.3585218490937193
2022-05-09,-0.36217507376703684,0.36217507376703684
2022-05-10,-0.3675144021357314,0.3675144021357314
2022-05-11,-0.36976254039623446,0.36976254039623446
2022-05-12,-0.3736967823521147,0.3736967823521147
2022-05-13,-0.37875509343824654,0.37875509343824654
2022-05-14,-0.38184628354643824,0.38184628354643824
2022-05-15,-0.3846564563720669,0.3846564563720669
2022-05-16,-0.3899957847407616,0.3899957847407616
2022-05-17,-0.398145285935085,0.398145285935085
2022-05-18,-0.4074188562596601,0.4074188562596601
2022-05-19,-0.4172544611493607,0.4172544611493607
2022-05-20,-0.4287761697344388,0.4287761697344388
2022-05-21,-0.4391738091892652,0.4391738091892652
2022-05-22,-0.4492904313615288,0.4492904313615288
2022-05-23,-0.4588450189686666,0.4588450189686666
2022-05-24,-0.46783757201067866,0.46783757201067866
2022-05-25,-0.47767317690037947,0.47767317690037947
2022-05-26,-0.48722776450751737,0.48722776450751737
2022-05-27,-0.4981874385274696,0.4981874385274696
2022-05-28,-0.5091471125474216,0.5091471125474216
2022-05-29,-0.5136433890684278,0.5136433890684278
2022-05-30,-0.517858648306871,0.517858648306871
2022-05-31,-0.5209498384150626,0.5209498384150626
2022-06-01,-0.5231979766755656,0.5231979766755656
2022-06-02,-0.5251650976535057,0.5251650976535057
2022-06-03,-0.529380356891949,0.529380356891949
2022-06-04,-0.5319095124350148,0.5319095124350148
2022-06-05,-0.5366868062385837,0.5366868062385837
2022-06-06,-0.5403400309119012,0.5403400309119012
2022-06-07,-0.5434312210200929,0.5434312210200929
2022-06-08,-0.5442742728677814,0.5442742728677814
2022-06-09,-0.5555149641702966,0.5555149641702966
2022-06-10,-0.5664746381902488,0.5664746381902488
2022-06-11,-0.5740621048194465,0.5740621048194465
2022-06-12,-0.5794014331881411,0.5794014331881411
2022-06-13,-0.5824926232963328,0.5824926232963328
2022-06-14,-0.586426865252213,0.586426865252213
2022-06-15,-0.590923141773219,0.590923141773219
2022-06-16,-0.5948573837290994,0.5948573837290994
2022-06-17,-0.5985106084024168,0.5985106084024168
2022-06-18,-0.6046929886188002,0.6046929886188002
2022-06-19,-0.6091892651398062,0.6091892651398062
2022-06-20,-0.6128424898131235,0.6128424898131235
2022-06-21,-0.6162146972038781,0.6162146972038781
2022-06-22,-0.6195869045946325,0.6195869045946325
2022-06-23,-0.6223970774202614,0.6223970774202614
2022-06-24,-0.6260503020935788,0.6260503020935788
2022-06-25,-0.6297035267668962,0.6297035267668962
2022-06-26,-0.6327947168750879,0.6327947168750879
2022-06-27,-0.637290993396094,0.637290993396094
2022-06-28,-0.6431923563299144,0.6431923563299144
2022-06-29,-0.6479696501334833,0.6479696501334833
2022-06-30,-0.6521849093719264,0.6521849093719264
2022-07-01,-0.657805255023184,0.657805255023184
2022-07-02,-0.6651117043698188,0.6651117043698188
2022-07-03,-0.6752283265420823,0.6752283265420823
2022-07-04,-0.6856259659969088,0.6856259659969088
2022-07-05,-0.6940564844737952,0.6940564844737952
2022-07-06,-0.7058592103414361,0.7058592103414361
2022-07-07,-0.7165378670788253,0.7165378670788253
2022-07-08,-0.7263734719685261,0.7263734719685261
2022-07-09,-0.7342419558802868,0.7342419558802868
2022-07-10,-0.7415484052269217,0.7415484052269217
2022-07-11,-0.7499789237038078,0.7499789237038078
2022-07-12,-0.7589714767458199,0.7589714767458199
2022-07-13,-0.7693691162006464,0.7693691162006464
2022-07-14,-0.7792047210903472,0.7792047210903472
2022-07-15,-0.7884782914149221,0.7884782914149221
2022-07-16,-0.7921315160882394,0.7921315160882394
2022-07-17,-0.7957847407615568,0.7957847407615568
2022-07-18,-0.7985949135871856,0.7985949135871856
2022-07-19,-0.7997189827174372,0.7997189827174372
2022-07-20,-0.8,0.8
2022-07-21,-0.7960657580441196,0.7960657580441196
2022-07-22,-0.7938176197836169,0.7938176197836169
2022-07-23,-0.792974567935928,0.792974567935928
2022-07-24,-0.7907264296754253,0.7907264296754253
2022-07-25,-0.7901643951102992,0.7901643951102992
2022-07-26,-0.7907264296754253,0.7907264296754253
2022-07-27,-0.7896023605451736,0.7896023605451736
2022-07-28,-0.7881972741323593,0.7881972741323593
2022-07-29,-0.7848250667416047,0.7848250667416047
2022-07-30,-0.7806098075031614,0.7806098075031614
2022-07-31,-0.776956582829844,0.776956582829844
2022-08-01,-0.774427427286778,0.774427427286778
2022-08-02,-0.772460306308838,0.772460306308838
2022-08-03,-0.7693691162006464,0.7693691162006464
2022-08-04,-0.7685260643529577,0.7685260643529577
2022-08-05,-0.765715891527329,0.765715891527329
2022-08-06,-0.7637487705493888,0.7637487705493888
2022-08-07,-0.7617816495714487,0.7617816495714487
2022-08-08,-0.7589714767458199,0.7589714767458199
2022-08-09,-0.7533511310945624,0.7533511310945624
2022-08-10,-0.7525080792468737,0.7525080792468737
2022-08-11,-0.7485738372909935,0.7485738372909935
2022-08-12,-0.7426724743571729,0.7426724743571729
2022-08-13,-0.7373331459884784,0.7373331459884784
2022-08-14,-0.7303077139244064,0.7303077139244064
2022-08-15,-0.7241253337080232,0.7241253337080232
2022-08-16,-0.7168188843613884,0.7168188843613884
2022-08-17,-0.708388365884502,0.708388365884502
2022-08-18,-0.7027680202332445,0.7027680202332445
2022-08-19,-0.6968666572994239,0.6968666572994239
2022-08-20,-0.692089363495855,0.692089363495855
2022-08-21,-0.6873120696922861,0.6873120696922861
2022-08-22,-0.6816917240410285,0.6816917240410285
2022-08-23,-0.6766334129548968,0.6766334129548968
2022-08-24,-0.6735422228467052,0.6735422228467052
2022-08-25,-0.6687649290431361,0.6687649290431361
2022-08-26,-0.664549669804693,0.664549669804693
2022-08-27,-0.6603344105662499,0.6603344105662499
2022-08-28,-0.6561191513278066,0.6561191513278066
2022-08-29,-0.653027961219615,0.653027961219615
2022-08-30,-0.6493747365462976,0.6493747365462976
2022-08-31,-0.6457215118729802,0.6457215118729802
2022-09-01,-0.6434733736124771,0.6434733736124771
2022-09-02,-0.6395391316565969,0.6395391316565969
2022-09-03,-0.637009976113531,0.637009976113531
2022-09-04,-0.634761837853028,0.634761837853028
2022-09-05,-0.6319516650273992,0.6319516650273992
2022-09-06,-0.6297035267668962,0.6297035267668962
2022-09-07,-0.6257692848110159,0.6257692848110159
2022-09-08,-0.6246452156807645,0.6246452156807645
2022-09-09,-0.62324012926795,0.62324012926795
2022-09-10,-0.6190248700295068,0.6190248700295068
2022-09-11,-0.6145285935085008,0.6145285935085008
2022-09-12,-0.6114374034003092,0.6114374034003092
2022-09-13,-0.6046929886188002,0.6046929886188002
2022-09-14,-0.6007587466629198,0.6007587466629198
2022-09-15,-0.5971055219896024,0.5971055219896024
2022-09-16,-0.5962624701419138,0.5962624701419138
2022-09-17,-0.5931712800337221,0.5931712800337221
2022-09-18,-0.5892370380778418,0.5892370380778418
2022-09-19,-0.5867078825347759,0.5867078825347759
2022-09-20,-0.58417872699171,0.58417872699171
2022-09-21,-0.5808065196009555,0.5808065196009555
2022-09-22,-0.5768722776450752,0.5768722776450752
2022-09-23,-0.5732190529717578,0.5732190529717578
2022-09-24,-0.568441759168189,0.568441759168189
2022-09-25,-0.5642264999297457,0.5642264999297457
2022-09-26,-0.5600112406913026,0.5600112406913026
2022-09-27,-0.5560769987354223,0.5560769987354223
2022-09-28,-0.5529858086272307,0.5529858086272307
2022-09-29,-0.5493325839539132,0.5493325839539132
2022-09-30,-0.5465224111282845,0.5465224111282845
2022-10-01,-0.5439932555852185,0.5439932555852185
2022-10-02,-0.5403400309119012,0.5403400309119012
2022-10-03,-0.5375298580862724,0.5375298580862724
2022-10-04,-0.5358437543908952,0.5358437543908952
2022-10-05,-0.5321905297175776,0.5321905297175776
2022-10-06,-0.5276942531965716,0.5276942531965716
2022-10-07,-0.5248840803709429,0.5248840803709429
2022-10-08,-0.5212308556976254,0.5212308556976254
2022-10-09,-0.5181396655894337,0.5181396655894337
2022-10-10,-0.5158915273289308,0.5158915273289308
2022-10-11,-0.5122383026556134,0.5122383026556134
2022-10-12,-0.5105521989602361,0.5105521989602361
2022-10-13,-0.5102711816776733,0.5102711816776733
2022-10-14,-0.5085850779822959,0.5085850779822959
2022-10-15,-0.5068989742869188,0.5068989742869188
2022-10-16,-0.5057749051566672,0.5057749051566672
2022-10-17,-0.5068989742869188,0.5068989742869188
2022-10-18,-0.5074610088520444,0.5074610088520444
2022-10-19,-0.5071799915694815,0.5071799915694815
2022-10-20,-0.5052128705915415,0.5052128705915415
2022-10-21,-0.5029647323310384,0.5029647323310384
2022-10-22,-0.5024026977659126,0.5024026977659126
2022-10-23,-0.5001545595054095,0.5001545595054095
2022-10-24,-0.49987354222284675,0.49987354222284675
2022-10-25,-0.5009976113530983,0.5009976113530983
2022-10-26,-0.49734438667978087,0.49734438667978087
2022-10-27,-0.49678235211465505,0.49678235211465505
2022-10-28,-0.49706336939721796,0.49706336939721796
2022-10-29,-0.49706336939721796,0.49706336939721796
2022-10-30,-0.49678235211465505,0.49678235211465505
2022-10-31,-0.49678235211465505,0.49678235211465505
2022-11-01,-0.49678235211465505,0.49678235211465505
2022-11-02,-0.49678235211465505,0.49678235211465505
2022-11-03,-0.4956582829844036,0.4956582829844036
2022-11-04,-0.4950962484192778,0.4950962484192778
2022-11-05,-0.49341014472390055,0.49341014472390055
2022-11-06,-0.49312912744133763,0.49312912744133763
2022-11-07,-0.4956582829844036,0.4956582829844036
2022-11-08,-0.4979064212449067,0.4979064212449067
2022-11-09,-0.4990304903751581,0.4990304903751581
2022-11-10,-0.501559645918224,0.501559645918224
2022-11-11,-0.5040888014612899,0.5040888014612899
2022-11-12,-0.5066179570043559,0.5066179570043559
2022-11-13,-0.5091471125474216,0.5091471125474216
2022-11-14,-0.5111142335253618,0.5111142335253618
2022-11-15,-0.5133623717858649,0.5133623717858649
2022-11-16,-0.515329492763805,0.515329492763805
2022-11-17,-0.5215118729801883,0.5215118729801883
2022-11-18,-0.5237600112406914,0.5237600112406914
2022-11-19,-0.5288183223268232,0.5288183223268232
2022-11-20,-0.533876633412955,0.533876633412955
2022-11-21,-0.5409020654770269,0.5409020654770269
2022-11-22,-0.5479274975410988,0.5479274975410988
2022-11-23,-0.554390895040045,0.554390895040045
2022-11-24,-0.5611353098215541,0.5611353098215541
2022-11-25,-0.5670366727553745,0.5670366727553745
2022-11-26,-0.5692848110158775,0.5692848110158775
2022-11-27,-0.5712519319938176,0.5712519319938176
2022-11-28,-0.5715329492763805,0.5715329492763805
2022-11-29,-0.5718139665589435,0.5718139665589435
2022-11-30,-0.5718139665589435,0.5718139665589435
2022-12-01,-0.5720949838415064,0.5720949838415064
2022-12-02,-0.5715329492763805,0.5715329492763805
2022-12-03,-0.5709709147112548,0.5709709147112548
2022-12-04,-0.5712519319938176,0.5712519319938176
2022-12-05,-0.5718139665589435,0.5718139665589435
2022-12-06,-0.5726570184066321,0.5726570184066321
2022-12-07,-0.5712519319938176,0.5712519319938176
2022-12-08,-0.5718139665589435,0.5718139665589435
2022-12-09,-0.5709709147112548,0.5709709147112548
2022-12-10,-0.5690037937333147,0.5690037937333147
2022-12-11,-0.5687227764507518,0.5687227764507518
2022-12-12,-0.5670366727553745,0.5670366727553745
2022-12-13,-0.5650695517774343,0.5650695517774343
2022-12-14,-0.5631024307994943,0.5631024307994943
2022-12-15,-0.5605732752564283,0.5605732752564283
2022-12-16,-0.559168188843614,0.559168188843614
2022-12-17,-0.5569200505831109,0.5569200505831109
2022-12-18,-0.5557959814528594,0.5557959814528594
2022-12-19,-0.5555149641702966,0.5555149641702966
2022-12-20,-0.5546719123226078,0.5546719123226078
2022-12-21,-0.554390895040045,0.554390895040045
2022-12-22,-0.5560769987354223,0.5560769987354223
2022-12-23,-0.5560769987354223,0.5560769987354223
2022-12-24,-0.5557959814528594,0.5557959814528594
2022-12-25,-0.5532668259097935,0.5532668259097935
2022-12-26,-0.5515807222144162,0.5515807222144162
2022-12-27,-0.5515807222144162,0.5515807222144162
2022-12-28,-0.5496136012364761,0.5496136012364761
2022-12-29,-0.5482085148236617,0.5482085148236617
2022-12-30,-0.5468034284108473,0.5468034284108473
2022-12-31,-0.5459603765631587,0.5459603765631587
2023-01-01,-0.5442742728677814,0.5442742728677814
2023-01-02,-0.5434312210200929,0.5434312210200929
2023-01-03,-0.5428691864549671,0.5428691864549671
2023-01-04,-0.540621048194464,0.540621048194464
2023-01-05,-0.5380918926513981,0.5380918926513981
2023-01-06,-0.5364057889560209,0.5364057889560209
2023-01-07,-0.5355627371083322,0.5355627371083322
2023-01-08,-0.5344386679780807,0.5344386679780807
2023-01-09,-0.5330335815652663,0.5330335815652663
2023-01-10,-0.5324715470001405,0.5324715470001405
2023-01-11,-0.5319095124350148,0.5319095124350148
2023-01-12,-0.5290993396093859,0.5290993396093859
2023-01-13,-0.5274132359140088,0.5274132359140088
2023-01-14,-0.5217928902627513,0.5217928902627513
2023-01-15,-0.5136433890684278,0.5136433890684278
2023-01-16,-0.5077420261346074,0.5077420261346074
2023-01-17,-0.49959252494028383,0.49959252494028383
2023-01-18,-0.4911620064633976,0.4911620064633976
2023-01-19,-0.4852606435295772,0.4852606435295772
2023-01-20,-0.4765491077701278,0.4765491077701278
2023-01-21,-0.46727553744555295,0.46727553744555295
2023-01-22,-0.4591260362512295,0.4591260362512295
2023-01-23,-0.45181958690459467,0.45181958690459467
2023-01-24,-0.443951102992834,0.443951102992834
2023-01-25,-0.43523956723338486,0.43523956723338486
2023-01-26,-0.4262470141913728,0.4262470141913728
2023-01-27,-0.4172544611493607,0.4172544611493607
2023-01-28,-0.40910495995503726,0.40910495995503726
2023-01-29,-0.4001124069130252,0.4001124069130252
2023-01-30,-0.38859069832794724,0.38859069832794724
2023-01-31,-0.3807222144161866,0.3807222144161866
2023-02-01,-0.3711676268090487,0.3711676268090487
2023-02-02,-0.35992693550653376,0.35992693550653376
2023-02-03,-0.352339468877336,0.352339468877336
2023-02-04,-0.3450330195307012,0.3450330195307012
2023-02-05,-0.33716453561894066,0.33716453561894066
2023-02-06,-0.3309821554025574,0.3309821554025574
2023-02-07,-0.3253618097512998,0.3253618097512998
2023-02-08,-0.3177743431221022,0.3177743431221022
2023-02-09,-0.31074891105803015,0.31074891105803015
2023-02-10,-0.3056905999718982,0.3056905999718982
2023-02-11,-0.30035127160320363,0.30035127160320363
2023-02-12,-0.29473092595194617,0.29473092595194617
2023-02-13,-0.29192075312631727,0.29192075312631727
2023-02-14,-0.2891105803006885,0.2891105803006885
2023-02-15,-0.2834902346494308,0.2834902346494308
2023-02-16,-0.27477869888998185,0.27477869888998185
2023-02-17,-0.26578614584796967,0.26578614584796967
2023-02-18,-0.25510748911058034,0.25510748911058034
2023-02-19,-0.2452718842208795,0.2452718842208795
2023-02-20,-0.2348742447660532,0.2348742447660532
2023-02-21,-0.22419558802866366,0.22419558802866366
2023-02-22,-0.21435998313896285,0.21435998313896285
2023-02-23,-0.20480539553182517,0.20480539553182517
2023-02-24,-0.19637487705493903,0.19637487705493903
2023-02-25,-0.18738232401292684,0.18738232401292684
2023-02-26,-0.1795138401011663,0.1795138401011663
2023-02-27,-0.17192637347196846,0.17192637347196846
2023-02-28,-0.16377687227764512,0.16377687227764512
2023-03-01,-0.15562737108332156,0.15562737108332156
2023-03-02,-0.1474778698889982,0.1474778698889982
2023-03-03,-0.1396093859772376,0.1396093859772376
2023-03-04,-0.1311788675003514,0.1311788675003514
2023-03-05,-0.1235914008711535,0.1235914008711535
2023-03-06,-0.11628495152451879,0.11628495152451879
2023-03-07,-0.10982155402557248,0.10982155402557248
2023-03-08,-0.10363917380918919,0.10363917380918919
2023-03-09,-0.0985808627230575,0.0985808627230575
2023-03-10,-0.0971757763102431,0.0971757763102431
2023-03-11,-0.0954896726148658,0.0954896726148658
2023-03-12,-0.09380356891948838,0.09380356891948838
2023-03-13,-0.0876211887031052,0.0876211887031052
2023-03-14,-0.079190670226219,0.079190670226219
2023-03-15,-0.0724462554447099,0.0724462554447099
2023-03-16,-0.06485878881551227,0.06485878881551227
2023-03-17,-0.058676408599128704,0.058676408599128704
2023-03-18,-0.047716734579176495,0.047716734579176495
2023-03-19,-0.03731909512435008,0.03731909512435008
2023-03-20,-0.02635942110439779,0.02635942110439779
2023-03-21,-0.014556695236756984,0.014556695236756984
2023-03-22,-0.004721090347056395,0.004721090347056395
2023-03-23,0.0,0.0
2023-03-24,0.0,0.0
2023-03-25,0.0,0.0
2023-03-26,0.0,0.0
2023-03-27,0.0,0.0
2023-03-28,0.0,0.0
2023-03-29,0.0,0.0
2023-03-30,0.0,0.0
2023-03-31,0.0,0.0
