,Day,sigma_p,sigma_n
0,2018-07-25,-1.0,-1.0
1,2018-07-26,-1.0,-1.0
2,2018-07-27,-1.0,-1.0
3,2018-07-28,-1.0,-1.0
4,2018-07-29,-1.0,-1.0
5,2018-07-30,-1.0,-1.0
6,2018-07-31,-1.0,-1.0
7,2018-08-01,-1.0,-1.0
8,2018-08-02,-1.0,-1.0
9,2018-08-03,-1.0,-1.0
10,2018-08-04,-1.0,-1.0
11,2018-08-05,-1.0,-1.0
12,2018-08-06,-1.0,-1.0
13,2018-08-07,-1.0,-1.0
14,2018-08-08,-1.0,-1.0
15,2018-08-09,-1.0,-1.0
16,2018-08-10,-1.0,-1.0
17,2018-08-11,-1.0,-1.0
18,2018-08-12,-1.0,-1.0
19,2018-08-13,-1.0,-1.0
20,2018-08-14,-1.0,-1.0
21,2018-08-15,-1.0,-1.0
22,2018-08-16,-1.0,-1.0
23,2018-08-17,-1.0,-1.0
24,2018-08-18,-1.0,-1.0
25,2018-08-19,-1.0,-1.0
26,2018-08-20,-1.0,-1.0
27,2018-08-21,-1.0,-1.0
28,2018-08-22,-1.0,-1.0
29,2018-08-23,-1.0,-1.0
30,2018-08-24,-1.0,-1.0
31,2018-08-25,-1.0,-1.0
32,2018-08-26,-1.0,-1.0
33,2018-08-27,-1.0,-1.0
34,2018-08-28,-1.0,-1.0
35,2018-08-29,-1.0,-1.0
36,2018-08-30,-1.0,-1.0
37,2018-08-31,-1.0,-1.0
38,2018-09-01,-1.0,-1.0
39,2018-09-02,-1.0,-1.0
40,2018-09-03,-1.0,-1.0
41,2018-09-04,-1.0,-1.0
42,2018-09-05,-1.0,-1.0
43,2018-09-06,-1.0,-1.0
44,2018-09-07,-1.0,-1.0
45,2018-09-08,-1.0,-1.0
46,2018-09-09,-1.0,-1.0
47,2018-09-10,-1.0,-1.0
48,2018-09-11,-1.0,-1.0
49,2018-09-12,-1.0,-1.0
50,2018-09-13,-1.0,-1.0
51,2018-09-14,-1.0,-1.0
52,2018-09-15,-1.0,-1.0
53,2018-09-16,-1.0,-1.0
54,2018-09-17,-1.0,-1.0
55,2018-09-18,-1.0,-1.0
56,2018-09-19,-1.0,-1.0
57,2018-09-20,-1.0,-1.0
58,2018-09-21,-1.0,-1.0
59,2018-09-22,-1.0,-1.0
60,2018-09-23,-1.0,-1.0
61,2018-09-24,-1.0,-1.0
62,2018-09-25,-1.0,-1.0
63,2018-09-26,-1.0,-1.0
64,2018-09-27,-1.0,-1.0
65,2018-09-28,-1.0,-1.0
66,2018-09-29,-1.0,-1.0
67,2018-09-30,-1.0,-1.0
68,2018-10-01,-1.0,-1.0
69,2018-10-02,-1.0,-1.0
70,2018-10-03,-1.0,-1.0
71,2018-10-04,-1.0,-1.0
72,2018-10-05,-1.0,-1.0
73,2018-10-06,-1.0,-1.0
74,2018-10-07,-1.0,-1.0
75,2018-10-08,-1.0,-1.0
76,2018-10-09,-1.0,-1.0
77,2018-10-10,-1.0,-1.0
78,2018-10-11,-1.0,-1.0
79,2018-10-12,-1.0,-1.0
80,2018-10-13,-1.0,-1.0
81,2018-10-14,-1.0,-1.0
82,2018-10-15,-1.0,-1.0
83,2018-10-16,-1.0,-1.0
84,2018-10-17,-1.0,-1.0
85,2018-10-18,-1.0,-1.0
86,2018-10-19,-1.0,-1.0
87,2018-10-20,-1.0,-1.0
88,2018-10-21,-1.0,-1.0
89,2018-10-22,-1.0,-1.0
90,2018-10-23,-1.0,-1.0
91,2018-10-24,-1.0,-1.0
92,2018-10-25,-1.0,-1.0
93,2018-10-26,-1.0,-1.0
94,2018-10-27,-1.0,-1.0
95,2018-10-28,-1.0,-1.0
96,2018-10-29,-1.0,-1.0
97,2018-10-30,-1.0,-1.0
98,2018-10-31,-1.0,-1.0
99,2018-11-01,-1.0,-1.0
100,2018-11-02,-1.0,-1.0
101,2018-11-03,-1.0,-1.0
102,2018-11-04,-1.0,-1.0
103,2018-11-05,-1.0,-1.0
104,2018-11-06,-1.0,-1.0
105,2018-11-07,-1.0,-1.0
106,2018-11-08,-1.0,-1.0
107,2018-11-09,-1.0,-1.0
108,2018-11-10,-1.0,-1.0
109,2018-11-11,-1.0,-1.0
110,2018-11-12,-1.0,-1.0
111,2018-11-13,-1.0,-1.0
112,2018-11-14,-1.0,-1.0
113,2018-11-15,-1.0,-1.0
114,2018-11-16,-1.0,-1.0
115,2018-11-17,-1.0,-1.0
116,2018-11-18,-1.0,-1.0
117,2018-11-19,-1.0,-1.0
118,2018-11-20,-1.0,-1.0
119,2018-11-21,-1.0,-1.0
120,2018-11-22,-1.0,-1.0
121,2018-11-23,-1.0,-1.0
122,2018-11-24,-1.0,-1.0
123,2018-11-25,-1.0,-1.0
124,2018-11-26,-1.0,-1.0
125,2018-11-27,-1.0,-1.0
126,2018-11-28,-1.0,-1.0
127,2018-11-29,-1.0,-1.0
128,2018-11-30,-1.0,-1.0
129,2018-12-01,-1.0,-1.0
130,2018-12-02,-1.0,-1.0
131,2018-12-03,-1.0,-1.0
132,2018-12-04,-1.0,-1.0
133,2018-12-05,-1.0,-1.0
134,2018-12-06,-1.0,-1.0
135,2018-12-07,-1.0,-1.0
136,2018-12-08,-1.0,-1.0
137,2018-12-09,-1.0,-1.0
138,2018-12-10,-1.0,-1.0
139,2018-12-11,-1.0,-1.0
140,2018-12-12,-1.0,-1.0
141,2018-12-13,-1.0,-1.0
142,2018-12-14,-1.0,-1.0
143,2018-12-15,-1.0,-1.0
144,2018-12-16,-1.0,-1.0
145,2018-12-17,-1.0,-1.0
146,2018-12-18,-1.0,-1.0
147,2018-12-19,-1.0,-1.0
148,2018-12-20,-1.0,-1.0
149,2018-12-21,-1.0,-1.0
150,2018-12-22,-1.0,-1.0
151,2018-12-23,-1.0,-1.0
152,2018-12-24,-1.0,-1.0
153,2018-12-25,-1.0,-1.0
154,2018-12-26,-1.0,-1.0
155,2018-12-27,-1.0,-1.0
156,2018-12-28,-1.0,-1.0
157,2018-12-29,-1.0,-1.0
158,2018-12-30,-1.0,-1.0
159,2018-12-31,-1.0,-1.0
160,2019-01-01,-1.0,-1.0
161,2019-01-02,-1.0,-1.0
162,2019-01-03,-1.0,-1.0
163,2019-01-04,-1.0,-1.0
164,2019-01-05,-1.0,-1.0
165,2019-01-06,-1.0,-1.0
166,2019-01-07,-1.0,-1.0
167,2019-01-08,-1.0,-1.0
168,2019-01-09,-1.0,-1.0
169,2019-01-10,-1.0,-1.0
170,2019-01-11,-1.0,-1.0
171,2019-01-12,-1.0,-1.0
172,2019-01-13,-1.0,-1.0
173,2019-01-14,-1.0,-1.0
174,2019-01-15,-1.0,-1.0
175,2019-01-16,-1.0,-1.0
176,2019-01-17,-1.0,-1.0
177,2019-01-18,-1.0,-1.0
178,2019-01-19,-1.0,-1.0
179,2019-01-20,-1.0,-1.0
180,2019-01-21,-1.0,-1.0
181,2019-01-22,-1.0,-1.0
182,2019-01-23,-1.0,-1.0
183,2019-01-24,-1.0,-1.0
184,2019-01-25,-1.0,-1.0
185,2019-01-26,-1.0,-1.0
186,2019-01-27,-1.0,-1.0
187,2019-01-28,-1.0,-1.0
188,2019-01-29,-1.0,-1.0
189,2019-01-30,-1.0,-1.0
190,2019-01-31,-1.0,-1.0
191,2019-02-01,-1.0,-1.0
192,2019-02-02,-1.0,-1.0
193,2019-02-03,-1.0,-1.0
194,2019-02-04,-1.0,-1.0
195,2019-02-05,-1.0,-1.0
196,2019-02-06,-1.0,-1.0
197,2019-02-07,-1.0,-1.0
198,2019-02-08,-1.0,-1.0
199,2019-02-09,-1.0,-1.0
200,2019-02-10,-1.0,-1.0
201,2019-02-11,-1.0,-1.0
202,2019-02-12,-1.0,-1.0
203,2019-02-13,-1.0,-1.0
204,2019-02-14,-1.0,-1.0
205,2019-02-15,-1.0,-1.0
206,2019-02-16,-1.0,-1.0
207,2019-02-17,-1.0,-1.0
208,2019-02-18,-1.0,-1.0
209,2019-02-19,-1.0,-1.0
210,2019-02-20,-1.0,-1.0
211,2019-02-21,-1.0,-1.0
212,2019-02-22,-1.0,-1.0
213,2019-02-23,-1.0,-1.0
214,2019-02-24,-1.0,-1.0
215,2019-02-25,-1.0,-1.0
216,2019-02-26,-1.0,-1.0
217,2019-02-27,-1.0,-1.0
218,2019-02-28,-1.0,-1.0
219,2019-03-01,-1.0,-1.0
220,2019-03-02,-1.0,-1.0
221,2019-03-03,-1.0,-1.0
222,2019-03-04,-1.0,-1.0
223,2019-03-05,-1.0,-1.0
224,2019-03-06,-1.0,-1.0
225,2019-03-07,-1.0,-1.0
226,2019-03-08,-1.0,-1.0
227,2019-03-09,-1.0,-1.0
228,2019-03-10,-1.0,-1.0
229,2019-03-11,-1.0,-1.0
230,2019-03-12,-1.0,-1.0
231,2019-03-13,-1.0,-1.0
232,2019-03-14,-1.0,-1.0
233,2019-03-15,-1.0,-1.0
234,2019-03-16,-1.0,-1.0
235,2019-03-17,-1.0,-1.0
236,2019-03-18,-1.0,-1.0
237,2019-03-19,-1.0,-1.0
238,2019-03-20,-1.0,-1.0
239,2019-03-21,-1.0,-1.0
240,2019-03-22,-1.0,-1.0
241,2019-03-23,-1.0,-1.0
242,2019-03-24,-1.0,-1.0
243,2019-03-25,-1.0,-1.0
244,2019-03-26,-1.0,-1.0
245,2019-03-27,-1.0,-1.0
246,2019-03-28,-1.0,-1.0
247,2019-03-29,-1.0,-1.0
248,2019-03-30,-1.0,-1.0
249,2019-03-31,-1.0,-1.0
250,2019-04-01,-1.0,-1.0
251,2019-04-02,-1.0,-1.0
252,2019-04-03,-1.0,-1.0
253,2019-04-04,-1.0,-1.0
254,2019-04-05,-1.0,-1.0
255,2019-04-06,-1.0,-1.0
256,2019-04-07,-1.0,-1.0
257,2019-04-08,-1.0,-1.0
258,2019-04-09,-1.0,-1.0
259,2019-04-10,-1.0,-1.0
260,2019-04-11,-1.0,-1.0
261,2019-04-12,-1.0,-1.0
262,2019-04-13,-1.0,-1.0
263,2019-04-14,-1.0,-1.0
264,2019-04-15,-1.0,-1.0
265,2019-04-16,-1.0,-1.0
266,2019-04-17,-1.0,-1.0
267,2019-04-18,-1.0,-1.0
268,2019-04-19,-1.0,-1.0
269,2019-04-20,-1.0,-1.0
270,2019-04-21,-1.0,-1.0
271,2019-04-22,-1.0,-1.0
272,2019-04-23,-1.0,-1.0
273,2019-04-24,-1.0,-1.0
274,2019-04-25,-1.0,-1.0
275,2019-04-26,-1.0,-1.0
276,2019-04-27,-1.0,-1.0
277,2019-04-28,-1.0,-1.0
278,2019-04-29,-1.0,-1.0
279,2019-04-30,-1.0,-1.0
280,2019-05-01,-1.0,-1.0
281,2019-05-02,-1.0,-1.0
282,2019-05-03,-1.0,-1.0
283,2019-05-04,-1.0,-1.0
284,2019-05-05,-1.0,-1.0
285,2019-05-06,-1.0,-1.0
286,2019-05-07,-1.0,-1.0
287,2019-05-08,-1.0,-1.0
288,2019-05-09,-1.0,-1.0
289,2019-05-10,-1.0,-1.0
290,2019-05-11,-1.0,-1.0
291,2019-05-12,-1.0,-1.0
292,2019-05-13,-1.0,-1.0
293,2019-05-14,-1.0,-1.0
294,2019-05-15,-1.0,-1.0
295,2019-05-16,-1.0,-1.0
296,2019-05-17,-1.0,-1.0
297,2019-05-18,-1.0,-1.0
298,2019-05-19,-1.0,-1.0
299,2019-05-20,-1.0,-1.0
300,2019-05-21,-1.0,-1.0
301,2019-05-22,-1.0,-1.0
302,2019-05-23,-1.0,-1.0
303,2019-05-24,-1.0,-1.0
304,2019-05-25,-1.0,-1.0
305,2019-05-26,-1.0,-1.0
306,2019-05-27,-1.0,-1.0
307,2019-05-28,-1.0,-1.0
308,2019-05-29,-1.0,-1.0
309,2019-05-30,-1.0,-1.0
310,2019-05-31,-1.0,-1.0
311,2019-06-01,-1.0,-1.0
312,2019-06-02,-1.0,-1.0
313,2019-06-03,-1.0,-1.0
314,2019-06-04,-1.0,-1.0
315,2019-06-05,-1.0,-1.0
316,2019-06-06,-1.0,-1.0
317,2019-06-07,-1.0,-1.0
318,2019-06-08,-1.0,-1.0
319,2019-06-09,-1.0,-1.0
320,2019-06-10,-1.0,-1.0
321,2019-06-11,-1.0,-1.0
322,2019-06-12,-1.0,-1.0
323,2019-06-13,-1.0,-1.0
324,2019-06-14,-1.0,-1.0
325,2019-06-15,-1.0,-1.0
326,2019-06-16,-1.0,-1.0
327,2019-06-17,-1.0,-1.0
328,2019-06-18,-1.0,-1.0
329,2019-06-19,-1.0,-1.0
330,2019-06-20,-1.0,-1.0
331,2019-06-21,-1.0,-1.0
332,2019-06-22,-1.0,-1.0
333,2019-06-23,-1.0,-1.0
334,2019-06-24,-1.0,-1.0
335,2019-06-25,-1.0,-1.0
336,2019-06-26,-1.0,-1.0
337,2019-06-27,-1.0,-1.0
338,2019-06-28,-1.0,-1.0
339,2019-06-29,-1.0,-1.0
340,2019-06-30,-1.0,-1.0
341,2019-07-01,-1.0,-1.0
342,2019-07-02,-1.0,-1.0
343,2019-07-03,-1.0,-1.0
344,2019-07-04,-1.0,-1.0
345,2019-07-05,-1.0,-1.0
346,2019-07-06,-1.0,-1.0
347,2019-07-07,-1.0,-1.0
348,2019-07-08,-1.0,-1.0
349,2019-07-09,-1.0,-1.0
350,2019-07-10,-1.0,-1.0
351,2019-07-11,-1.0,-1.0
352,2019-07-12,-1.0,-1.0
353,2019-07-13,-1.0,-1.0
354,2019-07-14,-1.0,-1.0
355,2019-07-15,-1.0,-1.0
356,2019-07-16,-1.0,-1.0
357,2019-07-17,-1.0,-1.0
358,2019-07-18,-1.0,-1.0
359,2019-07-19,-1.0,-1.0
360,2019-07-20,-1.0,-1.0
361,2019-07-21,-1.0,-1.0
362,2019-07-22,-1.0,-1.0
363,2019-07-23,-1.0,-1.0
364,2019-07-24,-1.0,-1.0
365,2019-07-25,-1.0,-1.0
366,2019-07-26,-1.0,-1.0
367,2019-07-27,-1.0,-1.0
368,2019-07-28,-1.0,-1.0
369,2019-07-29,-1.0,-1.0
370,2019-07-30,-1.0,-1.0
371,2019-07-31,-1.0,-1.0
372,2019-08-01,-1.0,-1.0
373,2019-08-02,-1.0,-1.0
374,2019-08-03,-1.0,-1.0
375,2019-08-04,-1.0,-1.0
376,2019-08-05,-1.0,-1.0
377,2019-08-06,-1.0,-1.0
378,2019-08-07,-1.0,-1.0
379,2019-08-08,-1.0,-1.0
380,2019-08-09,-1.0,-1.0
381,2019-08-10,-1.0,-1.0
382,2019-08-11,-1.0,-1.0
383,2019-08-12,-1.0,-1.0
384,2019-08-13,-1.0,-1.0
385,2019-08-14,-1.0,-1.0
386,2019-08-15,-1.0,-1.0
387,2019-08-16,-1.0,-1.0
388,2019-08-17,-1.0,-1.0
389,2019-08-18,-1.0,-1.0
390,2019-08-19,-1.0,-1.0
391,2019-08-20,-1.0,-1.0
392,2019-08-21,-1.0,-1.0
393,2019-08-22,-1.0,-1.0
394,2019-08-23,-1.0,-1.0
395,2019-08-24,-1.0,-1.0
396,2019-08-25,-1.0,-1.0
397,2019-08-26,-1.0,-1.0
398,2019-08-27,-1.0,-1.0
399,2019-08-28,-1.0,-1.0
400,2019-08-29,-1.0,-1.0
401,2019-08-30,-1.0,-1.0
402,2019-08-31,-1.0,-1.0
403,2019-09-01,-1.0,-1.0
404,2019-09-02,-1.0,-1.0
405,2019-09-03,-1.0,-1.0
406,2019-09-04,-1.0,-1.0
407,2019-09-05,-1.0,-1.0
408,2019-09-06,-1.0,-1.0
409,2019-09-07,-1.0,-1.0
410,2019-09-08,-1.0,-1.0
411,2019-09-09,-1.0,-1.0
412,2019-09-10,-1.0,-1.0
413,2019-09-11,-1.0,-1.0
414,2019-09-12,-1.0,-1.0
415,2019-09-13,-1.0,-1.0
416,2019-09-14,-1.0,-1.0
417,2019-09-15,-1.0,-1.0
418,2019-09-16,-1.0,-1.0
419,2019-09-17,-1.0,-1.0
420,2019-09-18,-1.0,-1.0
421,2019-09-19,-1.0,-1.0
422,2019-09-20,-1.0,-1.0
423,2019-09-21,-1.0,-1.0
424,2019-09-22,-1.0,-1.0
425,2019-09-23,-1.0,-1.0
426,2019-09-24,-1.0,-1.0
427,2019-09-25,-1.0,-1.0
428,2019-09-26,-1.0,-1.0
429,2019-09-27,-1.0,-1.0
430,2019-09-28,-1.0,-1.0
431,2019-09-29,-1.0,-1.0
432,2019-09-30,-1.0,-1.0
433,2019-10-01,-1.0,-1.0
434,2019-10-02,-1.0,-1.0
435,2019-10-03,-1.0,-1.0
436,2019-10-04,-1.0,-1.0
437,2019-10-05,-1.0,-1.0
438,2019-10-06,-1.0,-1.0
439,2019-10-07,-1.0,-1.0
440,2019-10-08,-1.0,-1.0
441,2019-10-09,-1.0,-1.0
442,2019-10-10,-1.0,-1.0
443,2019-10-11,-1.0,-1.0
444,2019-10-12,-1.0,-1.0
445,2019-10-13,-1.0,-1.0
446,2019-10-14,-1.0,-1.0
447,2019-10-15,-1.0,-1.0
448,2019-10-16,-1.0,-1.0
449,2019-10-17,-1.0,-1.0
450,2019-10-18,-1.0,-1.0
451,2019-10-19,-1.0,-1.0
452,2019-10-20,-1.0,-1.0
453,2019-10-21,-1.0,-1.0
454,2019-10-22,-1.0,-1.0
455,2019-10-23,-1.0,-1.0
456,2019-10-24,-1.0,-1.0
457,2019-10-25,-1.0,-1.0
458,2019-10-26,-1.0,-1.0
459,2019-10-27,-1.0,-1.0
460,2019-10-28,-1.0,-1.0
461,2019-10-29,-1.0,-1.0
462,2019-10-30,-1.0,-1.0
463,2019-10-31,-1.0,-1.0
464,2019-11-01,-1.0,-1.0
465,2019-11-02,-1.0,-1.0
466,2019-11-03,-1.0,-1.0
467,2019-11-04,-1.0,-1.0
468,2019-11-05,-1.0,-1.0
469,2019-11-06,-1.0,-1.0
470,2019-11-07,-1.0,-1.0
471,2019-11-08,-1.0,-1.0
472,2019-11-09,-1.0,-1.0
473,2019-11-10,-1.0,-1.0
474,2019-11-11,-1.0,-1.0
475,2019-11-12,-1.0,-1.0
476,2019-11-13,-1.0,-1.0
477,2019-11-14,-1.0,-1.0
478,2019-11-15,-1.0,-1.0
479,2019-11-16,-1.0,-1.0
480,2019-11-17,-1.0,-1.0
481,2019-11-18,-1.0,-1.0
482,2019-11-19,-1.0,-1.0
483,2019-11-20,-1.0,-1.0
484,2019-11-21,-1.0,-1.0
485,2019-11-22,-1.0,-1.0
486,2019-11-23,-1.0,-1.0
487,2019-11-24,-1.0,-1.0
488,2019-11-25,-1.0,-1.0
489,2019-11-26,-1.0,-1.0
490,2019-11-27,-1.0,-1.0
491,2019-11-28,-1.0,-1.0
492,2019-11-29,-1.0,-1.0
493,2019-11-30,-1.0,-1.0
494,2019-12-01,-1.0,-1.0
495,2019-12-02,-1.0,-1.0
496,2019-12-03,-1.0,-1.0
497,2019-12-04,-1.0,-1.0
498,2019-12-05,-1.0,-1.0
499,2019-12-06,-1.0,-1.0
500,2019-12-07,-1.0,-1.0
501,2019-12-08,-1.0,-1.0
502,2019-12-09,-1.0,-1.0
503,2019-12-10,-1.0,-1.0
504,2019-12-11,-1.0,-1.0
505,2019-12-12,-1.0,-1.0
506,2019-12-13,-1.0,-1.0
507,2019-12-14,-1.0,-1.0
508,2019-12-15,-1.0,-1.0
509,2019-12-16,-1.0,-1.0
510,2019-12-17,-1.0,-1.0
511,2019-12-18,-1.0,-1.0
512,2019-12-19,-1.0,-1.0
513,2019-12-20,-1.0,-1.0
514,2019-12-21,-1.0,-1.0
515,2019-12-22,-1.0,-1.0
516,2019-12-23,-1.0,-1.0
517,2019-12-24,-1.0,-1.0
518,2019-12-25,-1.0,-1.0
519,2019-12-26,-1.0,-1.0
520,2019-12-27,-1.0,-1.0
521,2019-12-28,-1.0,-1.0
522,2019-12-29,-1.0,-1.0
523,2019-12-30,-1.0,-1.0
524,2019-12-31,-1.0,-1.0
525,2020-01-01,-1.0,-1.0
526,2020-01-02,-1.0,-1.0
527,2020-01-03,-1.0,-1.0
528,2020-01-04,-1.0,-1.0
529,2020-01-05,-1.0,-1.0
530,2020-01-06,-1.0,-1.0
531,2020-01-07,-1.0,-1.0
532,2020-01-08,-1.0,-1.0
533,2020-01-09,-1.0,-1.0
534,2020-01-10,-1.0,-1.0
535,2020-01-11,-1.0,-1.0
536,2020-01-12,-1.0,-1.0
537,2020-01-13,-1.0,-1.0
538,2020-01-14,-1.0,-1.0
539,2020-01-15,-1.0,-1.0
540,2020-01-16,-1.0,-1.0
541,2020-01-17,-1.0,-1.0
542,2020-01-18,-1.0,-1.0
543,2020-01-19,-1.0,-1.0
544,2020-01-20,-1.0,-1.0
545,2020-01-21,-1.0,-1.0
546,2020-01-22,-1.0,-1.0
547,2020-01-23,-1.0,-1.0
548,2020-01-24,-1.0,-1.0
549,2020-01-25,-1.0,-1.0
550,2020-01-26,-1.0,-1.0
551,2020-01-27,-1.0,-1.0
552,2020-01-28,-1.0,-1.0
553,2020-01-29,-1.0,-1.0
554,2020-01-30,-1.0,-1.0
555,2020-01-31,-1.0,-1.0
556,2020-02-01,-1.0,-1.0
557,2020-02-02,-1.0,-1.0
558,2020-02-03,-1.0,-1.0
559,2020-02-04,-1.0,-1.0
560,2020-02-05,-1.0,-1.0
561,2020-02-06,-1.0,-1.0
562,2020-02-07,-1.0,-1.0
563,2020-02-08,-1.0,-1.0
564,2020-02-09,-1.0,-1.0
565,2020-02-10,-1.0,-1.0
566,2020-02-11,-1.0,-1.0
567,2020-02-12,-1.0,-1.0
568,2020-02-13,-1.0,-1.0
569,2020-02-14,-1.0,-1.0
570,2020-02-15,-1.0,-1.0
571,2020-02-16,-1.0,-1.0
572,2020-02-17,-1.0,-1.0
573,2020-02-18,-1.0,-1.0
574,2020-02-19,-1.0,-1.0
575,2020-02-20,-1.0,-1.0
576,2020-02-21,-1.0,-1.0
577,2020-02-22,-1.0,-1.0
578,2020-02-23,-1.0,-1.0
579,2020-02-24,-1.0,-1.0
580,2020-02-25,-1.0,-1.0
581,2020-02-26,-1.0,-1.0
582,2020-02-27,-1.0,-1.0
583,2020-02-28,-1.0,-1.0
584,2020-02-29,-1.0,-1.0
585,2020-03-01,-1.0,-1.0
586,2020-03-02,-1.0,-1.0
587,2020-03-03,-1.0,-1.0
588,2020-03-04,-1.0,-1.0
589,2020-03-05,-1.0,-1.0
590,2020-03-06,-1.0,-1.0
591,2020-03-07,-1.0,-1.0
592,2020-03-08,-1.0,-1.0
593,2020-03-09,-1.0,-1.0
594,2020-03-10,-1.0,-1.0
595,2020-03-11,-1.0,-1.0
596,2020-03-12,-1.0,-1.0
597,2020-03-13,-1.0,-1.0
598,2020-03-14,-1.0,-1.0
599,2020-03-15,-1.0,-1.0
600,2020-03-16,-1.0,-1.0
601,2020-03-17,-1.0,-1.0
602,2020-03-18,-1.0,-1.0
603,2020-03-19,-1.0,-1.0
604,2020-03-20,-1.0,-1.0
605,2020-03-21,-1.0,-1.0
606,2020-03-22,-1.0,-1.0
607,2020-03-23,-1.0,-1.0
608,2020-03-24,-1.0,-1.0
609,2020-03-25,-1.0,-1.0
610,2020-03-26,-1.0,-1.0
611,2020-03-27,-1.0,-1.0
612,2020-03-28,-1.0,-1.0
613,2020-03-29,-1.0,-1.0
614,2020-03-30,-1.0,-1.0
615,2020-03-31,-1.0,-1.0
616,2020-04-01,-1.0,-1.0
617,2020-04-02,-1.0,-1.0
618,2020-04-03,-1.0,-1.0
619,2020-04-04,-1.0,-1.0
620,2020-04-05,-1.0,-1.0
621,2020-04-06,-1.0,-1.0
622,2020-04-07,-1.0,-1.0
623,2020-04-08,-1.0,-1.0
624,2020-04-09,-1.0,-1.0
625,2020-04-10,-1.0,-1.0
626,2020-04-11,-1.0,-1.0
627,2020-04-12,-1.0,-1.0
628,2020-04-13,-1.0,-1.0
629,2020-04-14,-1.0,-1.0
630,2020-04-15,-1.0,-1.0
631,2020-04-16,-1.0,-1.0
632,2020-04-17,-1.0,-1.0
633,2020-04-18,-1.0,-1.0
634,2020-04-19,-1.0,-1.0
635,2020-04-20,-1.0,-1.0
636,2020-04-21,-1.0,-1.0
637,2020-04-22,-1.0,-1.0
638,2020-04-23,-1.0,-1.0
639,2020-04-24,-1.0,-1.0
640,2020-04-25,-1.0,-1.0
641,2020-04-26,-1.0,-1.0
642,2020-04-27,-1.0,-1.0
643,2020-04-28,-1.0,-1.0
644,2020-04-29,-1.0,-1.0
645,2020-04-30,-1.0,-1.0
646,2020-05-01,-1.0,-1.0
647,2020-05-02,-1.0,-1.0
648,2020-05-03,-1.0,-1.0
649,2020-05-04,-1.0,-1.0
650,2020-05-05,-1.0,-1.0
651,2020-05-06,-1.0,-1.0
652,2020-05-07,-1.0,-1.0
653,2020-05-08,-1.0,-1.0
654,2020-05-09,-1.0,-1.0
655,2020-05-10,-1.0,-1.0
656,2020-05-11,-1.0,-1.0
657,2020-05-12,-1.0,-1.0
658,2020-05-13,-1.0,-1.0
659,2020-05-14,-1.0,-1.0
660,2020-05-15,-1.0,-1.0
661,2020-05-16,-1.0,-1.0
662,2020-05-17,-1.0,-1.0
663,2020-05-18,-1.0,-1.0
664,2020-05-19,-1.0,-1.0
665,2020-05-20,-1.0,-1.0
666,2020-05-21,-1.0,-1.0
667,2020-05-22,-1.0,-1.0
668,2020-05-23,-1.0,-1.0
669,2020-05-24,-1.0,-1.0
670,2020-05-25,-1.0,-1.0
671,2020-05-26,-1.0,-1.0
672,2020-05-27,-1.0,-1.0
673,2020-05-28,-1.0,-1.0
674,2020-05-29,-1.0,-1.0
675,2020-05-30,-1.0,-1.0
676,2020-05-31,-1.0,-1.0
677,2020-06-01,-1.0,-1.0
678,2020-06-02,-1.0,-1.0
679,2020-06-03,-1.0,-1.0
680,2020-06-04,-1.0,-1.0
681,2020-06-05,-1.0,-1.0
682,2020-06-06,-1.0,-1.0
683,2020-06-07,-1.0,-1.0
684,2020-06-08,-1.0,-1.0
685,2020-06-09,-1.0,-1.0
686,2020-06-10,-1.0,-1.0
687,2020-06-11,-1.0,-1.0
688,2020-06-12,-1.0,-1.0
689,2020-06-13,-1.0,-1.0
690,2020-06-14,-1.0,-1.0
691,2020-06-15,-1.0,-1.0
692,2020-06-16,-1.0,-1.0
693,2020-06-17,-1.0,-1.0
694,2020-06-18,-1.0,-1.0
695,2020-06-19,-1.0,-1.0
696,2020-06-20,-1.0,-1.0
697,2020-06-21,-1.0,-1.0
698,2020-06-22,-1.0,-1.0
699,2020-06-23,-1.0,-1.0
700,2020-06-24,-1.0,-1.0
701,2020-06-25,-1.0,-1.0
702,2020-06-26,-1.0,-1.0
703,2020-06-27,-1.0,-1.0
704,2020-06-28,-1.0,-1.0
705,2020-06-29,-1.0,-1.0
706,2020-06-30,-1.0,-1.0
707,2020-07-01,-1.0,-1.0
708,2020-07-02,-1.0,-1.0
709,2020-07-03,-1.0,-1.0
710,2020-07-04,-1.0,-1.0
711,2020-07-05,-1.0,-1.0
712,2020-07-06,-1.0,-1.0
713,2020-07-07,-1.0,-1.0
714,2020-07-08,-1.0,-1.0
715,2020-07-09,-1.0,-1.0
716,2020-07-10,-1.0,-1.0
717,2020-07-11,-1.0,-1.0
718,2020-07-12,-1.0,-1.0
719,2020-07-13,-1.0,-1.0
720,2020-07-14,-1.0,-1.0
721,2020-07-15,-1.0,-1.0
722,2020-07-16,-1.0,-1.0
723,2020-07-17,-1.0,-1.0
724,2020-07-18,-1.0,-1.0
725,2020-07-19,-1.0,-1.0
726,2020-07-20,-1.0,-1.0
727,2020-07-21,-1.0,-1.0
728,2020-07-22,-1.0,-1.0
729,2020-07-23,-1.0,-1.0
730,2020-07-24,-1.0,-1.0
731,2020-07-25,-1.0,-1.0
732,2020-07-26,-1.0,-1.0
733,2020-07-27,-1.0,-1.0
734,2020-07-28,-1.0,-1.0
735,2020-07-29,-1.0,-1.0
736,2020-07-30,-1.0,-1.0
737,2020-07-31,-1.0,-1.0
738,2020-08-01,-1.0,-1.0
739,2020-08-02,-1.0,-1.0
740,2020-08-03,-1.0,-1.0
741,2020-08-04,-1.0,-1.0
742,2020-08-05,-1.0,-1.0
743,2020-08-06,-1.0,-1.0
744,2020-08-07,-1.0,-1.0
745,2020-08-08,-1.0,-1.0
746,2020-08-09,-1.0,-1.0
747,2020-08-10,-1.0,-1.0
748,2020-08-11,-1.0,-1.0
749,2020-08-12,-1.0,-1.0
750,2020-08-13,-1.0,-1.0
751,2020-08-14,-1.0,-1.0
752,2020-08-15,-1.0,-1.0
753,2020-08-16,-1.0,-1.0
754,2020-08-17,-1.0,-1.0
755,2020-08-18,-1.0,-1.0
756,2020-08-19,-1.0,-1.0
757,2020-08-20,-1.0,-1.0
758,2020-08-21,-1.0,-1.0
759,2020-08-22,-1.0,-1.0
760,2020-08-23,-1.0,-1.0
761,2020-08-24,-1.0,-1.0
762,2020-08-25,-1.0,-1.0
763,2020-08-26,-1.0,-1.0
764,2020-08-27,-1.0,-1.0
765,2020-08-28,-1.0,-1.0
766,2020-08-29,-1.0,-1.0
767,2020-08-30,-1.0,-1.0
768,2020-08-31,-1.0,-1.0
769,2020-09-01,-1.0,-1.0
770,2020-09-02,-1.0,-1.0
771,2020-09-03,-1.0,-1.0
772,2020-09-04,-1.0,-1.0
773,2020-09-05,-1.0,-1.0
774,2020-09-06,-1.0,-1.0
775,2020-09-07,-1.0,-1.0
776,2020-09-08,-1.0,-1.0
777,2020-09-09,-1.0,-1.0
778,2020-09-10,-1.0,-1.0
779,2020-09-11,-1.0,-1.0
780,2020-09-12,-1.0,-1.0
781,2020-09-13,-1.0,-1.0
782,2020-09-14,-1.0,-1.0
783,2020-09-15,-1.0,-1.0
784,2020-09-16,-1.0,-1.0
785,2020-09-17,-1.0,-1.0
786,2020-09-18,-1.0,-1.0
787,2020-09-19,-1.0,-1.0
788,2020-09-20,-1.0,-1.0
789,2020-09-21,-1.0,-1.0
790,2020-09-22,-1.0,-1.0
791,2020-09-23,-1.0,-1.0
792,2020-09-24,-1.0,-1.0
793,2020-09-25,-1.0,-1.0
794,2020-09-26,-1.0,-1.0
795,2020-09-27,-1.0,-1.0
796,2020-09-28,-1.0,-1.0
797,2020-09-29,-1.0,-1.0
798,2020-09-30,-1.0,-1.0
799,2020-10-01,-1.0,-1.0
800,2020-10-02,-1.0,-1.0
801,2020-10-03,-1.0,-1.0
802,2020-10-04,-1.0,-1.0
803,2020-10-05,-1.0,-1.0
804,2020-10-06,-1.0,-1.0
805,2020-10-07,-1.0,-1.0
806,2020-10-08,-1.0,-1.0
807,2020-10-09,-1.0,-1.0
808,2020-10-10,-1.0,-1.0
809,2020-10-11,-1.0,-1.0
810,2020-10-12,-1.0,-1.0
811,2020-10-13,-1.0,-1.0
812,2020-10-14,-1.0,-1.0
813,2020-10-15,-1.0,-1.0
814,2020-10-16,-1.0,-1.0
815,2020-10-17,-1.0,-1.0
816,2020-10-18,-1.0,-1.0
817,2020-10-19,-1.0,-1.0
818,2020-10-20,-1.0,-1.0
819,2020-10-21,-1.0,-1.0
820,2020-10-22,-1.0,-1.0
821,2020-10-23,-1.0,-1.0
822,2020-10-24,-1.0,-1.0
823,2020-10-25,-1.0,-1.0
824,2020-10-26,-1.0,-1.0
825,2020-10-27,-1.0,-1.0
826,2020-10-28,-1.0,-1.0
827,2020-10-29,-1.0,-1.0
828,2020-10-30,-1.0,-1.0
829,2020-10-31,-1.0,-1.0
830,2020-11-01,-1.0,-1.0
831,2020-11-02,-1.0,-1.0
832,2020-11-03,-1.0,-1.0
833,2020-11-04,-1.0,-1.0
834,2020-11-05,-1.0,-1.0
835,2020-11-06,-1.0,-1.0
836,2020-11-07,-1.0,-1.0
837,2020-11-08,-1.0,-1.0
838,2020-11-09,-1.0,-1.0
839,2020-11-10,-1.0,-1.0
840,2020-11-11,-1.0,-1.0
841,2020-11-12,-1.0,-1.0
842,2020-11-13,-1.0,-1.0
843,2020-11-14,-1.0,-1.0
844,2020-11-15,-1.0,-1.0
845,2020-11-16,-1.0,-1.0
846,2020-11-17,-1.0,-1.0
847,2020-11-18,-1.0,-1.0
848,2020-11-19,-1.0,-1.0
849,2020-11-20,-1.0,-1.0
850,2020-11-21,-1.0,-1.0
851,2020-11-22,-1.0,-1.0
852,2020-11-23,-1.0,-1.0
853,2020-11-24,-1.0,-1.0
854,2020-11-25,-1.0,-1.0
855,2020-11-26,-1.0,-1.0
856,2020-11-27,-1.0,-1.0
857,2020-11-28,-1.0,-1.0
858,2020-11-29,-1.0,-1.0
859,2020-11-30,-1.0,-1.0
860,2020-12-01,-1.0,-1.0
861,2020-12-02,-1.0,-1.0
862,2020-12-03,-1.0,-1.0
863,2020-12-04,-1.0,-1.0
864,2020-12-05,-1.0,-1.0
865,2020-12-06,-1.0,-1.0
866,2020-12-07,-1.0,-1.0
867,2020-12-08,-1.0,-1.0
868,2020-12-09,-1.0,-1.0
869,2020-12-10,-1.0,-1.0
870,2020-12-11,-1.0,-1.0
871,2020-12-12,-1.0,-1.0
872,2020-12-13,-1.0,-1.0
873,2020-12-14,-1.0,-1.0
874,2020-12-15,-1.0,-1.0
875,2020-12-16,-1.0,-1.0
876,2020-12-17,-1.0,-1.0
877,2020-12-18,-1.0,-1.0
878,2020-12-19,-1.0,-1.0
879,2020-12-20,-1.0,-1.0
880,2020-12-21,-1.0,-1.0
881,2020-12-22,-1.0,-1.0
882,2020-12-23,-1.0,-1.0
883,2020-12-24,-1.0,-1.0
884,2020-12-25,-1.0,-1.0
885,2020-12-26,-1.0,-1.0
886,2020-12-27,-1.0,-1.0
887,2020-12-28,-1.0,-1.0
888,2020-12-29,-1.0,-1.0
889,2020-12-30,-1.0,-1.0
890,2020-12-31,-1.0,-1.0
891,2021-01-01,-1.0,-1.0
892,2021-01-02,-1.0,-1.0
893,2021-01-03,-1.0,-1.0
894,2021-01-04,-1.0,-1.0
895,2021-01-05,-1.0,-1.0
896,2021-01-06,-1.0,-1.0
897,2021-01-07,-1.0,-1.0
898,2021-01-08,-1.0,-1.0
899,2021-01-09,-1.0,-1.0
900,2021-01-10,-0.3099233372011998,-0.6900766627988002
901,2021-01-11,0.38315034245982105,-0.383150342459821
902,2021-01-12,1.0,-0.07872899072312889
903,2021-01-13,1.0,0.2235544248072518
904,2021-01-14,1.0,0.5237084396880424
905,2021-01-15,1.0,0.8212127940465157
906,2021-01-16,1.0,1.0
907,2021-01-17,1.0,1.0
908,2021-01-18,1.0,1.0
909,2021-01-19,1.0,1.0
910,2021-01-20,1.0,1.0
911,2021-01-21,1.0,1.0
912,2021-01-22,1.0,1.0
913,2021-01-23,1.0,1.0
914,2021-01-24,1.0,1.0
915,2021-01-25,1.0,1.0
916,2021-01-26,1.0,1.0
917,2021-01-27,1.0,1.0
918,2021-01-28,1.0,1.0
919,2021-01-29,1.0,1.0
920,2021-01-30,1.0,1.0
921,2021-01-31,1.0,1.0
922,2021-02-01,1.0,1.0
923,2021-02-02,1.0,1.0
924,2021-02-03,1.0,1.0
925,2021-02-04,1.0,1.0
926,2021-02-05,1.0,1.0
927,2021-02-06,1.0,1.0
928,2021-02-07,1.0,1.0
929,2021-02-08,1.0,1.0
930,2021-02-09,1.0,1.0
931,2021-02-10,1.0,1.0
932,2021-02-11,1.0,1.0
933,2021-02-12,1.0,1.0
934,2021-02-13,1.0,1.0
935,2021-02-14,1.0,1.0
936,2021-02-15,1.0,1.0
937,2021-02-16,1.0,1.0
938,2021-02-17,1.0,1.0
939,2021-02-18,1.0,1.0
940,2021-02-19,1.0,1.0
941,2021-02-20,1.0,1.0
942,2021-02-21,1.0,1.0
943,2021-02-22,1.0,1.0
944,2021-02-23,1.0,1.0
945,2021-02-24,1.0,1.0
946,2021-02-25,1.0,1.0
947,2021-02-26,1.0,1.0
948,2021-02-27,1.0,1.0
949,2021-02-28,1.0,1.0
950,2021-03-01,1.0,1.0
951,2021-03-02,1.0,1.0
952,2021-03-03,1.0,1.0
953,2021-03-04,1.0,1.0
954,2021-03-05,1.0,1.0
955,2021-03-06,1.0,1.0
956,2021-03-07,1.0,1.0
957,2021-03-08,1.0,1.0
958,2021-03-09,1.0,1.0
959,2021-03-10,1.0,1.0
960,2021-03-11,1.0,1.0
961,2021-03-12,1.0,1.0
962,2021-03-13,1.0,1.0
963,2021-03-14,1.0,1.0
964,2021-03-15,1.0,1.0
965,2021-03-16,1.0,1.0
966,2021-03-17,1.0,1.0
967,2021-03-18,1.0,1.0
968,2021-03-19,1.0,1.0
969,2021-03-20,1.0,1.0
970,2021-03-21,1.0,1.0
971,2021-03-22,1.0,1.0
972,2021-03-23,1.0,1.0
973,2021-03-24,1.0,1.0
974,2021-03-25,1.0,1.0
975,2021-03-26,1.0,1.0
976,2021-03-27,1.0,1.0
977,2021-03-28,1.0,1.0
978,2021-03-29,0.31016379418588,0.68983620581412
979,2021-03-30,-0.37846858877985223,0.3784685887798523
980,2021-03-31,-1.0,0.06613607317067166
981,2021-04-01,-1.0,-0.24704206578456828
982,2021-04-02,-1.0,-0.5613698254353099
983,2021-04-03,-1.0,-0.8764854828830547
984,2021-04-04,-1.0,-1.0
985,2021-04-05,-1.0,-1.0
986,2021-04-06,-1.0,-1.0
987,2021-04-07,-1.0,-1.0
988,2021-04-08,-1.0,-1.0
989,2021-04-09,-1.0,-1.0
990,2021-04-10,-1.0,-1.0
991,2021-04-11,-1.0,-1.0
992,2021-04-12,-1.0,-1.0
993,2021-04-13,-1.0,-1.0
994,2021-04-14,-1.0,-1.0
995,2021-04-15,-1.0,-1.0
996,2021-04-16,-1.0,-1.0
997,2021-04-17,-1.0,-1.0
998,2021-04-18,-1.0,-1.0
999,2021-04-19,-1.0,-1.0
1000,2021-04-20,-1.0,-1.0
1001,2021-04-21,-1.0,-1.0
1002,2021-04-22,-1.0,-1.0
1003,2021-04-23,-1.0,-1.0
1004,2021-04-24,-1.0,-1.0
1005,2021-04-25,-1.0,-1.0
1006,2021-04-26,-1.0,-1.0
1007,2021-04-27,-1.0,-1.0
1008,2021-04-28,-1.0,-1.0
1009,2021-04-29,-1.0,-1.0
1010,2021-04-30,-1.0,-1.0
1011,2021-05-01,-1.0,-1.0
1012,2021-05-02,-1.0,-1.0
1013,2021-05-03,-1.0,-1.0
1014,2021-05-04,-1.0,-1.0
1015,2021-05-05,-1.0,-1.0
1016,2021-05-06,-1.0,-1.0
1017,2021-05-07,-1.0,-1.0
1018,2021-05-08,-1.0,-1.0
1019,2021-05-09,-1.0,-1.0
1020,2021-05-10,-1.0,-1.0
1021,2021-05-11,-1.0,-1.0
1022,2021-05-12,-1.0,-1.0
1023,2021-05-13,-1.0,-1.0
1024,2021-05-14,-1.0,-1.0
1025,2021-05-15,-1.0,-1.0
1026,2021-05-16,-1.0,-1.0
1027,2021-05-17,-1.0,-1.0
1028,2021-05-18,-1.0,-1.0
1029,2021-05-19,-1.0,-1.0
1030,2021-05-20,-1.0,-1.0
1031,2021-05-21,-1.0,-1.0
1032,2021-05-22,-1.0,-1.0
1033,2021-05-23,-1.0,-1.0
1034,2021-05-24,-1.0,-1.0
1035,2021-05-25,-1.0,-1.0
1036,2021-05-26,-1.0,-1.0
1037,2021-05-27,-1.0,-1.0
1038,2021-05-28,-1.0,-1.0
1039,2021-05-29,-1.0,-1.0
1040,2021-05-30,-1.0,-1.0
1041,2021-05-31,-1.0,-1.0
1042,2021-06-01,-1.0,-1.0
1043,2021-06-02,-1.0,-1.0
1044,2021-06-03,-1.0,-1.0
1045,2021-06-04,-1.0,-1.0
1046,2021-06-05,-1.0,-1.0
1047,2021-06-06,-1.0,-1.0
1048,2021-06-07,-1.0,-1.0
1049,2021-06-08,-1.0,-1.0
1050,2021-06-09,-1.0,-1.0
1051,2021-06-10,-1.0,-1.0
1052,2021-06-11,-1.0,-1.0
1053,2021-06-12,-1.0,-1.0
1054,2021-06-13,-1.0,-1.0
1055,2021-06-14,-1.0,-1.0
1056,2021-06-15,-1.0,-1.0
1057,2021-06-16,-1.0,-1.0
1058,2021-06-17,-1.0,-1.0
1059,2021-06-18,-1.0,-1.0
1060,2021-06-19,-1.0,-1.0
1061,2021-06-20,-1.0,-1.0
1062,2021-06-21,-1.0,-1.0
1063,2021-06-22,-1.0,-1.0
1064,2021-06-23,-1.0,-1.0
1065,2021-06-24,-1.0,-1.0
1066,2021-06-25,-1.0,-1.0
1067,2021-06-26,-1.0,-1.0
1068,2021-06-27,-1.0,-1.0
1069,2021-06-28,-1.0,-1.0
1070,2021-06-29,-1.0,-1.0
1071,2021-06-30,-1.0,-1.0
1072,2021-07-01,-1.0,-1.0
1073,2021-07-02,-1.0,-1.0
1074,2021-07-03,-1.0,-1.0
1075,2021-07-04,-1.0,-1.0
1076,2021-07-05,-1.0,-1.0
1077,2021-07-06,-1.0,-1.0
1078,2021-07-07,-1.0,-1.0
1079,2021-07-08,-1.0,-1.0
1080,2021-07-09,-1.0,-1.0
1081,2021-07-10,-1.0,-1.0
1082,2021-07-11,-1.0,-1.0
1083,2021-07-12,-1.0,-1.0
1084,2021-07-13,-1.0,-1.0
1085,2021-07-14,-1.0,-1.0
1086,2021-07-15,-1.0,-1.0
1087,2021-07-16,-1.0,-1.0
1088,2021-07-17,-1.0,-1.0
1089,2021-07-18,-1.0,-1.0
1090,2021-07-19,-1.0,-1.0
1091,2021-07-20,-1.0,-1.0
1092,2021-07-21,-1.0,-1.0
1093,2021-07-22,-1.0,-1.0
1094,2021-07-23,-1.0,-1.0
1095,2021-07-24,-1.0,-1.0
1096,2021-07-25,-1.0,-1.0
1097,2021-07-26,-1.0,-1.0
1098,2021-07-27,-1.0,-1.0
1099,2021-07-28,-1.0,-1.0
1100,2021-07-29,-1.0,-1.0
1101,2021-07-30,-1.0,-1.0
1102,2021-07-31,-1.0,-1.0
1103,2021-08-01,-1.0,-1.0
1104,2021-08-02,-1.0,-1.0
1105,2021-08-03,-1.0,-1.0
1106,2021-08-04,-1.0,-1.0
1107,2021-08-05,-1.0,-1.0
1108,2021-08-06,-1.0,-1.0
1109,2021-08-07,-1.0,-1.0
1110,2021-08-08,-1.0,-1.0
1111,2021-08-09,-1.0,-1.0
1112,2021-08-10,-1.0,-1.0
1113,2021-08-11,-1.0,-1.0
1114,2021-08-12,-1.0,-1.0
1115,2021-08-13,-1.0,-1.0
1116,2021-08-14,-1.0,-1.0
1117,2021-08-15,-1.0,-1.0
1118,2021-08-16,-1.0,-1.0
1119,2021-08-17,-1.0,-1.0
1120,2021-08-18,-1.0,-1.0
1121,2021-08-19,-1.0,-1.0
1122,2021-08-20,-1.0,-1.0
1123,2021-08-21,-1.0,-1.0
1124,2021-08-22,-1.0,-1.0
1125,2021-08-23,-1.0,-1.0
1126,2021-08-24,-1.0,-1.0
1127,2021-08-25,-1.0,-1.0
1128,2021-08-26,-1.0,-1.0
1129,2021-08-27,-1.0,-1.0
1130,2021-08-28,-1.0,-1.0
1131,2021-08-29,-1.0,-1.0
1132,2021-08-30,-1.0,-1.0
1133,2021-08-31,-1.0,-1.0
1134,2021-09-01,-1.0,-1.0
1135,2021-09-02,-1.0,-1.0
1136,2021-09-03,-1.0,-1.0
1137,2021-09-04,-1.0,-1.0
1138,2021-09-05,-1.0,-1.0
1139,2021-09-06,-1.0,-1.0
1140,2021-09-07,-1.0,-1.0
1141,2021-09-08,-1.0,-1.0
1142,2021-09-09,-1.0,-1.0
1143,2021-09-10,-1.0,-1.0
1144,2021-09-11,-1.0,-1.0
1145,2021-09-12,-1.0,-1.0
1146,2021-09-13,-1.0,-1.0
1147,2021-09-14,-1.0,-1.0
1148,2021-09-15,-1.0,-1.0
1149,2021-09-16,-1.0,-1.0
1150,2021-09-17,-1.0,-1.0
1151,2021-09-18,-1.0,-1.0
1152,2021-09-19,-1.0,-1.0
1153,2021-09-20,-1.0,-1.0
1154,2021-09-21,-1.0,-1.0
1155,2021-09-22,-1.0,-1.0
1156,2021-09-23,-1.0,-1.0
1157,2021-09-24,-1.0,-1.0
1158,2021-09-25,-1.0,-1.0
1159,2021-09-26,-1.0,-1.0
1160,2021-09-27,-1.0,-1.0
1161,2021-09-28,-1.0,-1.0
1162,2021-09-29,-1.0,-1.0
1163,2021-09-30,-1.0,-1.0
1164,2021-10-01,-1.0,-1.0
1165,2021-10-02,-1.0,-1.0
1166,2021-10-03,-1.0,-1.0
1167,2021-10-04,-1.0,-1.0
1168,2021-10-05,-1.0,-1.0
1169,2021-10-06,-1.0,-1.0
1170,2021-10-07,-1.0,-1.0
1171,2021-10-08,-1.0,-1.0
1172,2021-10-09,-1.0,-1.0
1173,2021-10-10,-1.0,-1.0
1174,2021-10-11,-1.0,-1.0
1175,2021-10-12,-1.0,-1.0
1176,2021-10-13,-1.0,-1.0
1177,2021-10-14,-1.0,-1.0
1178,2021-10-15,-1.0,-1.0
1179,2021-10-16,-1.0,-1.0
1180,2021-10-17,-1.0,-1.0
1181,2021-10-18,-1.0,-1.0
1182,2021-10-19,-1.0,-1.0
1183,2021-10-20,-1.0,-1.0
1184,2021-10-21,-1.0,-1.0
1185,2021-10-22,-1.0,-1.0
1186,2021-10-23,-1.0,-1.0
1187,2021-10-24,-1.0,-1.0
1188,2021-10-25,-1.0,-1.0
1189,2021-10-26,-1.0,-1.0
1190,2021-10-27,-1.0,-1.0
1191,2021-10-28,-1.0,-1.0
1192,2021-10-29,-1.0,-1.0
1193,2021-10-30,-1.0,-1.0
1194,2021-10-31,-1.0,-1.0
1195,2021-11-01,-1.0,-1.0
1196,2021-11-02,-1.0,-1.0
1197,2021-11-03,-1.0,-1.0
1198,2021-11-04,-1.0,-1.0
1199,2021-11-05,-1.0,-1.0
1200,2021-11-06,-1.0,-1.0
1201,2021-11-07,-1.0,-1.0
1202,2021-11-08,-1.0,-1.0
1203,2021-11-09,-1.0,-1.0
1204,2021-11-10,-1.0,-1.0
1205,2021-11-11,-1.0,-1.0
1206,2021-11-12,-1.0,-1.0
1207,2021-11-13,-1.0,-1.0
1208,2021-11-14,-1.0,-1.0
1209,2021-11-15,-1.0,-1.0
1210,2021-11-16,-1.0,-1.0
1211,2021-11-17,-1.0,-1.0
1212,2021-11-18,-1.0,-1.0
1213,2021-11-19,-1.0,-1.0
1214,2021-11-20,-1.0,-1.0
1215,2021-11-21,-1.0,-1.0
1216,2021-11-22,-1.0,-1.0
1217,2021-11-23,-1.0,-1.0
1218,2021-11-24,-1.0,-1.0
1219,2021-11-25,-1.0,-1.0
1220,2021-11-26,-1.0,-1.0
1221,2021-11-27,-1.0,-1.0
1222,2021-11-28,-1.0,-1.0
1223,2021-11-29,-1.0,-1.0
1224,2021-11-30,-1.0,-1.0
1225,2021-12-01,-1.0,-1.0
1226,2021-12-02,-1.0,-1.0
1227,2021-12-03,-1.0,-1.0
1228,2021-12-04,-1.0,-1.0
1229,2021-12-05,-1.0,-1.0
1230,2021-12-06,-1.0,-1.0
1231,2021-12-07,-1.0,-1.0
1232,2021-12-08,-1.0,-1.0
1233,2021-12-09,-1.0,-1.0
1234,2021-12-10,-1.0,-1.0
1235,2021-12-11,-1.0,-1.0
1236,2021-12-12,-1.0,-1.0
1237,2021-12-13,-1.0,-1.0
1238,2021-12-14,-1.0,-1.0
1239,2021-12-15,-1.0,-1.0
1240,2021-12-16,-1.0,-1.0
1241,2021-12-17,-1.0,-1.0
1242,2021-12-18,-1.0,-1.0
1243,2021-12-19,-1.0,-1.0
1244,2021-12-20,-1.0,-1.0
1245,2021-12-21,-1.0,-1.0
1246,2021-12-22,-1.0,-1.0
1247,2021-12-23,-1.0,-1.0
1248,2021-12-24,-1.0,-1.0
1249,2021-12-25,-1.0,-1.0
1250,2021-12-26,-1.0,-1.0
1251,2021-12-27,-1.0,-1.0
1252,2021-12-28,-1.0,-1.0
1253,2021-12-29,-1.0,-1.0
1254,2021-12-30,-1.0,-1.0
1255,2021-12-31,-1.0,-1.0
1256,2022-01-01,-1.0,-1.0
1257,2022-01-02,-1.0,-1.0
1258,2022-01-03,-1.0,-1.0
1259,2022-01-04,-1.0,-1.0
1260,2022-01-05,-1.0,-1.0
1261,2022-01-06,-1.0,-1.0
1262,2022-01-07,-1.0,-1.0
1263,2022-01-08,-1.0,-1.0
1264,2022-01-09,-1.0,-1.0
1265,2022-01-10,-1.0,-1.0
1266,2022-01-11,-1.0,-1.0
1267,2022-01-12,-1.0,-1.0
1268,2022-01-13,-1.0,-1.0
1269,2022-01-14,-1.0,-1.0
1270,2022-01-15,-1.0,-1.0
1271,2022-01-16,-1.0,-1.0
1272,2022-01-17,-1.0,-1.0
1273,2022-01-18,-1.0,-1.0
1274,2022-01-19,-1.0,-1.0
1275,2022-01-20,-1.0,-1.0
1276,2022-01-21,-1.0,-1.0
1277,2022-01-22,-1.0,-1.0
1278,2022-01-23,-1.0,-1.0
1279,2022-01-24,-1.0,-1.0
1280,2022-01-25,-1.0,-1.0
1281,2022-01-26,-1.0,-1.0
1282,2022-01-27,-1.0,-1.0
1283,2022-01-28,-1.0,-1.0
1284,2022-01-29,-1.0,-1.0
1285,2022-01-30,-1.0,-1.0
1286,2022-01-31,-1.0,-1.0
1287,2022-02-01,-1.0,-1.0
1288,2022-02-02,-1.0,-1.0
1289,2022-02-03,-1.0,-1.0
1290,2022-02-04,-1.0,-1.0
1291,2022-02-05,-1.0,-1.0
1292,2022-02-06,-1.0,-1.0
1293,2022-02-07,-1.0,-1.0
1294,2022-02-08,-1.0,-1.0
1295,2022-02-09,-1.0,-1.0
1296,2022-02-10,-1.0,-1.0
1297,2022-02-11,-1.0,-1.0
1298,2022-02-12,-1.0,-1.0
1299,2022-02-13,-1.0,-1.0
1300,2022-02-14,-1.0,-1.0
1301,2022-02-15,-1.0,-1.0
1302,2022-02-16,-1.0,-1.0
1303,2022-02-17,-1.0,-1.0
1304,2022-02-18,-1.0,-1.0
1305,2022-02-19,-1.0,-1.0
1306,2022-02-20,-1.0,-1.0
1307,2022-02-21,-1.0,-1.0
1308,2022-02-22,-1.0,-1.0
1309,2022-02-23,-1.0,-1.0
1310,2022-02-24,-1.0,-1.0
1311,2022-02-25,-1.0,-1.0
1312,2022-02-26,-1.0,-1.0
1313,2022-02-27,-1.0,-1.0
1314,2022-02-28,-1.0,-1.0
1315,2022-03-01,-1.0,-1.0
1316,2022-03-02,-1.0,-1.0
1317,2022-03-03,-1.0,-1.0
1318,2022-03-04,-1.0,-1.0
1319,2022-03-05,-1.0,-1.0
1320,2022-03-06,-1.0,-1.0
1321,2022-03-07,-1.0,-1.0
1322,2022-03-08,-1.0,-1.0
1323,2022-03-09,-1.0,-1.0
1324,2022-03-10,-1.0,-1.0
1325,2022-03-11,-1.0,-1.0
1326,2022-03-12,-1.0,-1.0
1327,2022-03-13,-1.0,-1.0
1328,2022-03-14,-1.0,-1.0
1329,2022-03-15,-1.0,-1.0
1330,2022-03-16,-1.0,-1.0
1331,2022-03-17,-1.0,-1.0
1332,2022-03-18,-1.0,-1.0
1333,2022-03-19,-1.0,-1.0
1334,2022-03-20,-1.0,-1.0
1335,2022-03-21,-1.0,-1.0
1336,2022-03-22,-1.0,-1.0
1337,2022-03-23,-1.0,-1.0
1338,2022-03-24,-1.0,-1.0
1339,2022-03-25,-1.0,-1.0
1340,2022-03-26,-1.0,-1.0
1341,2022-03-27,-1.0,-1.0
1342,2022-03-28,-1.0,-1.0
1343,2022-03-29,-1.0,-1.0
1344,2022-03-30,-1.0,-1.0
1345,2022-03-31,-1.0,-1.0
1346,2022-04-01,-1.0,-1.0
1347,2022-04-02,-1.0,-1.0
1348,2022-04-03,-1.0,-1.0
1349,2022-04-04,-1.0,-1.0
1350,2022-04-05,-1.0,-1.0
1351,2022-04-06,-1.0,-1.0
1352,2022-04-07,-1.0,-1.0
1353,2022-04-08,-1.0,-1.0
1354,2022-04-09,-1.0,-1.0
1355,2022-04-10,-1.0,-1.0
1356,2022-04-11,-1.0,-1.0
1357,2022-04-12,-1.0,-1.0
1358,2022-04-13,-1.0,-1.0
1359,2022-04-14,-1.0,-1.0
1360,2022-04-15,-1.0,-1.0
1361,2022-04-16,-1.0,-1.0
1362,2022-04-17,-1.0,-1.0
1363,2022-04-18,-1.0,-1.0
1364,2022-04-19,-1.0,-1.0
1365,2022-04-20,-1.0,-1.0
1366,2022-04-21,-1.0,-1.0
1367,2022-04-22,-1.0,-1.0
1368,2022-04-23,-1.0,-1.0
1369,2022-04-24,-1.0,-1.0
1370,2022-04-25,-1.0,-1.0
1371,2022-04-26,-1.0,-1.0
1372,2022-04-27,-1.0,-1.0
1373,2022-04-28,-1.0,-1.0
1374,2022-04-29,-1.0,-1.0
1375,2022-04-30,-1.0,-1.0
1376,2022-05-01,-1.0,-1.0
1377,2022-05-02,-1.0,-1.0
1378,2022-05-03,-1.0,-1.0
1379,2022-05-04,-1.0,-1.0
1380,2022-05-05,-1.0,-1.0
1381,2022-05-06,-1.0,-1.0
1382,2022-05-07,-1.0,-1.0
1383,2022-05-08,-1.0,-1.0
1384,2022-05-09,-1.0,-1.0
1385,2022-05-10,-1.0,-1.0
1386,2022-05-11,-1.0,-1.0
1387,2022-05-12,-1.0,-1.0
1388,2022-05-13,-1.0,-1.0
1389,2022-05-14,-1.0,-1.0
1390,2022-05-15,-1.0,-1.0
1391,2022-05-16,-1.0,-1.0
1392,2022-05-17,-1.0,-1.0
1393,2022-05-18,-1.0,-1.0
1394,2022-05-19,-1.0,-1.0
1395,2022-05-20,-1.0,-1.0
1396,2022-05-21,-1.0,-1.0
1397,2022-05-22,-1.0,-1.0
1398,2022-05-23,-1.0,-1.0
1399,2022-05-24,-1.0,-1.0
1400,2022-05-25,-1.0,-1.0
1401,2022-05-26,-1.0,-1.0
1402,2022-05-27,-1.0,-1.0
1403,2022-05-28,-1.0,-1.0
1404,2022-05-29,-1.0,-1.0
1405,2022-05-30,-1.0,-1.0
1406,2022-05-31,-1.0,-1.0
1407,2022-06-01,-1.0,-1.0
1408,2022-06-02,-1.0,-1.0
1409,2022-06-03,-1.0,-1.0
1410,2022-06-04,-1.0,-1.0
1411,2022-06-05,-1.0,-1.0
1412,2022-06-06,-1.0,-1.0
1413,2022-06-07,-1.0,-1.0
1414,2022-06-08,-1.0,-1.0
1415,2022-06-09,-1.0,-1.0
1416,2022-06-10,-1.0,-1.0
1417,2022-06-11,-1.0,-1.0
1418,2022-06-12,-1.0,-1.0
1419,2022-06-13,-1.0,-1.0
1420,2022-06-14,-1.0,-1.0
1421,2022-06-15,-1.0,-1.0
1422,2022-06-16,-1.0,-1.0
1423,2022-06-17,-1.0,-1.0
1424,2022-06-18,-1.0,-1.0
1425,2022-06-19,-1.0,-1.0
1426,2022-06-20,-1.0,-1.0
1427,2022-06-21,-1.0,-1.0
1428,2022-06-22,-1.0,-1.0
1429,2022-06-23,-1.0,-1.0
1430,2022-06-24,-1.0,-1.0
1431,2022-06-25,-1.0,-1.0
1432,2022-06-26,-1.0,-1.0
1433,2022-06-27,-1.0,-1.0
1434,2022-06-28,-1.0,-1.0
1435,2022-06-29,-1.0,-1.0
1436,2022-06-30,-1.0,-1.0
1437,2022-07-01,-1.0,-1.0
1438,2022-07-02,-1.0,-1.0
1439,2022-07-03,-1.0,-1.0
1440,2022-07-04,-1.0,-1.0
1441,2022-07-05,-1.0,-1.0
1442,2022-07-06,-1.0,-1.0
1443,2022-07-07,-1.0,-1.0
1444,2022-07-08,-1.0,-1.0
1445,2022-07-09,-1.0,-1.0
1446,2022-07-10,-1.0,-1.0
1447,2022-07-11,-1.0,-1.0
1448,2022-07-12,-1.0,-1.0
1449,2022-07-13,-1.0,-1.0
1450,2022-07-14,-1.0,-1.0
1451,2022-07-15,-1.0,-1.0
1452,2022-07-16,-1.0,-1.0
1453,2022-07-17,-1.0,-1.0
1454,2022-07-18,-1.0,-1.0
1455,2022-07-19,-1.0,-1.0
1456,2022-07-20,-0.6899744811276125,-0.3100255188723875
1457,2022-07-21,-1.0,-0.999157799117863
1458,2022-07-22,-1.0,-1.0
1459,2022-07-23,-1.0,-1.0
1460,2022-07-24,-1.0,-1.0
1461,2022-07-25,-1.0,-1.0
1462,2022-07-26,-1.0,-1.0
1463,2022-07-27,-1.0,-1.0
1464,2022-07-28,-1.0,-1.0
1465,2022-07-29,-1.0,-1.0
1466,2022-07-30,-1.0,-1.0
1467,2022-07-31,-1.0,-1.0
1468,2022-08-01,-1.0,-1.0
1469,2022-08-02,-1.0,-1.0
1470,2022-08-03,-1.0,-1.0
1471,2022-08-04,-1.0,-1.0
1472,2022-08-05,-1.0,-1.0
1473,2022-08-06,-1.0,-1.0
1474,2022-08-07,-1.0,-1.0
1475,2022-08-08,-1.0,-1.0
1476,2022-08-09,-1.0,-1.0
1477,2022-08-10,-1.0,-1.0
1478,2022-08-11,-1.0,-1.0
1479,2022-08-12,-1.0,-1.0
1480,2022-08-13,-1.0,-1.0
1481,2022-08-14,-1.0,-1.0
1482,2022-08-15,-1.0,-1.0
1483,2022-08-16,-1.0,-1.0
1484,2022-08-17,-1.0,-1.0
1485,2022-08-18,-1.0,-1.0
1486,2022-08-19,-1.0,-1.0
1487,2022-08-20,-1.0,-1.0
1488,2022-08-21,-1.0,-1.0
1489,2022-08-22,-1.0,-1.0
1490,2022-08-23,-1.0,-1.0
1491,2022-08-24,-1.0,-1.0
1492,2022-08-25,-1.0,-1.0
1493,2022-08-26,-1.0,-1.0
1494,2022-08-27,-1.0,-1.0
1495,2022-08-28,-1.0,-1.0
1496,2022-08-29,-1.0,-1.0
1497,2022-08-30,-1.0,-1.0
1498,2022-08-31,-1.0,-1.0
1499,2022-09-01,-1.0,-1.0
1500,2022-09-02,-1.0,-1.0
1501,2022-09-03,-1.0,-1.0
1502,2022-09-04,-1.0,-1.0
1503,2022-09-05,-1.0,-1.0
1504,2022-09-06,-1.0,-1.0
1505,2022-09-07,-1.0,-1.0
1506,2022-09-08,-1.0,-1.0
1507,2022-09-09,-1.0,-1.0
1508,2022-09-10,-1.0,-1.0
1509,2022-09-11,-1.0,-1.0
1510,2022-09-12,-1.0,-1.0
1511,2022-09-13,-1.0,-1.0
1512,2022-09-14,-1.0,-1.0
1513,2022-09-15,-1.0,-1.0
1514,2022-09-16,-1.0,-1.0
1515,2022-09-17,-1.0,-1.0
1516,2022-09-18,-1.0,-1.0
1517,2022-09-19,-1.0,-1.0
1518,2022-09-20,-1.0,-1.0
1519,2022-09-21,-1.0,-1.0
1520,2022-09-22,-1.0,-1.0
1521,2022-09-23,-1.0,-1.0
1522,2022-09-24,-1.0,-1.0
1523,2022-09-25,-1.0,-1.0
1524,2022-09-26,-1.0,-1.0
1525,2022-09-27,-1.0,-1.0
1526,2022-09-28,-1.0,-1.0
1527,2022-09-29,-1.0,-1.0
1528,2022-09-30,-1.0,-1.0
1529,2022-10-01,-1.0,-1.0
1530,2022-10-02,-1.0,-1.0
1531,2022-10-03,-1.0,-1.0
1532,2022-10-04,-1.0,-1.0
1533,2022-10-05,-1.0,-1.0
1534,2022-10-06,-1.0,-1.0
1535,2022-10-07,-1.0,-1.0
1536,2022-10-08,-1.0,-1.0
1537,2022-10-09,-1.0,-1.0
1538,2022-10-10,-1.0,-1.0
1539,2022-10-11,-1.0,-1.0
1540,2022-10-12,-1.0,-1.0
1541,2022-10-13,-1.0,-1.0
1542,2022-10-14,-1.0,-1.0
1543,2022-10-15,-1.0,-1.0
1544,2022-10-16,-1.0,-1.0
1545,2022-10-17,-1.0,-1.0
1546,2022-10-18,-1.0,-1.0
1547,2022-10-19,-1.0,-1.0
1548,2022-10-20,-1.0,-1.0
1549,2022-10-21,-1.0,-1.0
1550,2022-10-22,-1.0,-1.0
1551,2022-10-23,-1.0,-1.0
1552,2022-10-24,-1.0,-1.0
1553,2022-10-25,-1.0,-1.0
1554,2022-10-26,-1.0,-1.0
1555,2022-10-27,-1.0,-1.0
1556,2022-10-28,-1.0,-1.0
1557,2022-10-29,-1.0,-1.0
1558,2022-10-30,-1.0,-1.0
1559,2022-10-31,-1.0,-1.0
1560,2022-11-01,-1.0,-1.0
1561,2022-11-02,-1.0,-1.0
1562,2022-11-03,-1.0,-1.0
1563,2022-11-04,-1.0,-1.0
1564,2022-11-05,-1.0,-1.0
1565,2022-11-06,-1.0,-1.0
1566,2022-11-07,-1.0,-1.0
1567,2022-11-08,-1.0,-1.0
1568,2022-11-09,-1.0,-1.0
1569,2022-11-10,-1.0,-1.0
1570,2022-11-11,-1.0,-1.0
1571,2022-11-12,-1.0,-1.0
1572,2022-11-13,-1.0,-1.0
1573,2022-11-14,-1.0,-1.0
1574,2022-11-15,-1.0,-1.0
1575,2022-11-16,-1.0,-1.0
1576,2022-11-17,-1.0,-1.0
1577,2022-11-18,-1.0,-1.0
1578,2022-11-19,-1.0,-1.0
1579,2022-11-20,-1.0,-1.0
1580,2022-11-21,-1.0,-1.0
1581,2022-11-22,-1.0,-1.0
1582,2022-11-23,-1.0,-1.0
1583,2022-11-24,-1.0,-1.0
1584,2022-11-25,-1.0,-1.0
1585,2022-11-26,-1.0,-1.0
1586,2022-11-27,-1.0,-1.0
1587,2022-11-28,-1.0,-1.0
1588,2022-11-29,-1.0,-1.0
1589,2022-11-30,-1.0,-1.0
1590,2022-12-01,-1.0,-1.0
1591,2022-12-02,-1.0,-1.0
1592,2022-12-03,-1.0,-1.0
1593,2022-12-04,-1.0,-1.0
1594,2022-12-05,-1.0,-1.0
1595,2022-12-06,-1.0,-1.0
1596,2022-12-07,-1.0,-1.0
1597,2022-12-08,-1.0,-1.0
1598,2022-12-09,-1.0,-1.0
1599,2022-12-10,-1.0,-1.0
1600,2022-12-11,-1.0,-1.0
1601,2022-12-12,-1.0,-1.0
1602,2022-12-13,-1.0,-1.0
1603,2022-12-14,-1.0,-1.0
1604,2022-12-15,-1.0,-1.0
1605,2022-12-16,-1.0,-1.0
1606,2022-12-17,-1.0,-1.0
1607,2022-12-18,-1.0,-1.0
1608,2022-12-19,-1.0,-1.0
1609,2022-12-20,-1.0,-1.0
1610,2022-12-21,-1.0,-1.0
1611,2022-12-22,-1.0,-1.0
1612,2022-12-23,-1.0,-1.0
1613,2022-12-24,-1.0,-1.0
1614,2022-12-25,-1.0,-1.0
1615,2022-12-26,-1.0,-1.0
1616,2022-12-27,-1.0,-1.0
1617,2022-12-28,-1.0,-1.0
1618,2022-12-29,-1.0,-1.0
1619,2022-12-30,-1.0,-1.0
1620,2022-12-31,-1.0,-1.0
1621,2023-01-01,-1.0,-1.0
1622,2023-01-02,-1.0,-1.0
1623,2023-01-03,-1.0,-1.0
1624,2023-01-04,-1.0,-1.0
1625,2023-01-05,-1.0,-1.0
1626,2023-01-06,-1.0,-1.0
1627,2023-01-07,-1.0,-1.0
1628,2023-01-08,-1.0,-1.0
1629,2023-01-09,-1.0,-1.0
1630,2023-01-10,-1.0,-1.0
1631,2023-01-11,-1.0,-1.0
1632,2023-01-12,-1.0,-1.0
1633,2023-01-13,-1.0,-1.0
1634,2023-01-14,-1.0,-1.0
1635,2023-01-15,-1.0,-1.0
1636,2023-01-16,-1.0,-1.0
1637,2023-01-17,-1.0,-1.0
1638,2023-01-18,-1.0,-1.0
1639,2023-01-19,-1.0,-1.0
1640,2023-01-20,-1.0,-1.0
1641,2023-01-21,-1.0,-1.0
1642,2023-01-22,-1.0,-1.0
1643,2023-01-23,-1.0,-1.0
1644,2023-01-24,-1.0,-1.0
1645,2023-01-25,-1.0,-1.0
1646,2023-01-26,-1.0,-1.0
1647,2023-01-27,-1.0,-1.0
1648,2023-01-28,-1.0,-1.0
1649,2023-01-29,-1.0,-1.0
1650,2023-01-30,-1.0,-1.0
1651,2023-01-31,-1.0,-1.0
1652,2023-02-01,-1.0,-1.0
1653,2023-02-02,-1.0,-1.0
1654,2023-02-03,-1.0,-1.0
1655,2023-02-04,-1.0,-1.0
1656,2023-02-05,-1.0,-1.0
1657,2023-02-06,-1.0,-1.0
1658,2023-02-07,-1.0,-1.0
1659,2023-02-08,-1.0,-1.0
1660,2023-02-09,-1.0,-1.0
1661,2023-02-10,-1.0,-1.0
1662,2023-02-11,-1.0,-1.0
1663,2023-02-12,-1.0,-1.0
1664,2023-02-13,-1.0,-1.0
1665,2023-02-14,-1.0,-1.0
1666,2023-02-15,-1.0,-1.0
1667,2023-02-16,-1.0,-1.0
1668,2023-02-17,-1.0,-1.0
1669,2023-02-18,-1.0,-1.0
1670,2023-02-19,-1.0,-1.0
1671,2023-02-20,-1.0,-1.0
1672,2023-02-21,-1.0,-1.0
1673,2023-02-22,-1.0,-1.0
1674,2023-02-23,-1.0,-1.0
1675,2023-02-24,-1.0,-1.0
1676,2023-02-25,-1.0,-1.0
1677,2023-02-26,-1.0,-1.0
1678,2023-02-27,-1.0,-1.0
1679,2023-02-28,-1.0,-1.0
1680,2023-03-01,-1.0,-1.0
1681,2023-03-02,-1.0,-1.0
1682,2023-03-03,-1.0,-1.0
1683,2023-03-04,-1.0,-1.0
1684,2023-03-05,-1.0,-1.0
1685,2023-03-06,-1.0,-1.0
1686,2023-03-07,-1.0,-1.0
1687,2023-03-08,-1.0,-1.0
1688,2023-03-09,-1.0,-1.0
1689,2023-03-10,-1.0,-1.0
1690,2023-03-11,-1.0,-1.0
1691,2023-03-12,-1.0,-1.0
1692,2023-03-13,-1.0,-1.0
1693,2023-03-14,-1.0,-1.0
1694,2023-03-15,-1.0,-1.0
1695,2023-03-16,-1.0,-1.0
1696,2023-03-17,-1.0,-1.0
1697,2023-03-18,-1.0,-1.0
1698,2023-03-19,-1.0,-1.0
1699,2023-03-20,-1.0,-1.0
1700,2023-03-21,-1.0,-1.0
1701,2023-03-22,-1.0,-1.0
1702,2023-03-23,-1.0,-1.0
1703,2023-03-24,-1.0,-1.0
1704,2023-03-25,-1.0,-1.0
1705,2023-03-26,-1.0,-1.0
1706,2023-03-27,-1.0,-1.0
1707,2023-03-28,-1.0,-1.0
1708,2023-03-29,-1.0,-1.0
1709,2023-03-30,-1.0,-1.0
1710,2023-03-31,-1.0,-1.0
